------- FILE zoop2.a LEVEL 1 PASS 3
      1  fffe					      processor	6502
------- FILE vcs.h LEVEL 2 PASS 3
      0  10000 ????				       include	"vcs.h"
      1  10000 ????						; VCS.H
      2  10000 ????						; Version 1.05, 13/November/2003
      3  10000 ????
      4  10000 ????		00 69	    VERSION_VCS =	105
      5  10000 ????
      6  10000 ????						; THIS IS A PRELIMINARY RELEASE OF *THE* "STANDARD" VCS.H
      7  10000 ????						; THIS FILE IS EXPLICITLY SUPPORTED AS A DASM-PREFERRED COMPANION FILE
      8  10000 ????						; PLEASE DO *NOT* REDISTRIBUTE THIS FILE!
      9  10000 ????						;
     10  10000 ????						; This file defines hardware registers and memory mapping for the
     11  10000 ????						; Atari 2600. It is distributed as a companion machine-specific support package
     12  10000 ????						; for the DASM compiler. Updates to this file, DASM, and associated tools are
     13  10000 ????						; available at at http://www.atari2600.org/dasm
     14  10000 ????						;
     15  10000 ????						; Many thanks to the original author(s) of this file, and to everyone who has
     16  10000 ????						; contributed to understanding the Atari 2600.  If you take issue with the
     17  10000 ????						; contents, or naming of registers, please write to me (atari2600@taswegian.com)
     18  10000 ????						; with your views.  Please contribute, if you think you can improve this
     19  10000 ????						; file!
     20  10000 ????						;
     21  10000 ????						; Latest Revisions...
     22  10000 ????						; 1.05  13/NOV/2003	  - Correction to 1.04 - now functions as requested by MR.
     23  10000 ????						;			  - Added VERSION_VCS equate (which will reflect 100x version #)
     24  10000 ????						;			    This will allow conditional code to verify VCS.H being
     25  10000 ????						;			    used for code assembly.
     26  10000 ????						; 1.04  12/NOV/2003	 Added TIA_BASE_WRITE_ADDRESS and TIA_BASE_READ_ADDRESS for
     27  10000 ????						;			 convenient disassembly/reassembly compatibility for hardware
     28  10000 ????						;			 mirrored reading/writing differences.	This is more a 
     29  10000 ????						;			 readability issue, and binary compatibility with disassembled
     30  10000 ????						;			 and reassembled sources.  Per Manuel Rotschkar's suggestion.
     31  10000 ????						; 1.03  12/MAY/2003	 Added SEG segment at end of file to fix old-code compatibility
     32  10000 ????						;			 which was broken by the use of segments in this file, as
     33  10000 ????						;			 reported by Manuel Polik on [stella] 11/MAY/2003
     34  10000 ????						; 1.02  22/MAR/2003	 Added TIMINT($285)
     35  10000 ????						; 1.01				Constant offset added to allow use for 3F-style bankswitching
     36  10000 ????						;						 - define TIA_BASE_ADDRESS as $40 for Tigervision carts, otherwise
     37  10000 ????						;						   it is safe to leave it undefined, and the base address will
     38  10000 ????						;						   be set to 0.  Thanks to Eckhard Stolberg for the suggestion.
     39  10000 ????						;			    Note, may use -DLABEL=EXPRESSION to define TIA_BASE_ADDRESS
     40  10000 ????						;			  - register definitions are now generated through assignment
     41  10000 ????						;			    in uninitialised segments.	This allows a changeable base
     42  10000 ????						;			    address architecture.
     43  10000 ????						; 1.0	22/MAR/2003		Initial release
     44  10000 ????
     45  10000 ????
     46  10000 ????						;-------------------------------------------------------------------------------
     47  10000 ????
     48  10000 ????						; TIA_BASE_ADDRESS
     49  10000 ????						; The TIA_BASE_ADDRESS defines the base address of access to TIA registers.
     50  10000 ????						; Normally 0, the base address should (externally, before including this file)
     51  10000 ????						; be set to $40 when creating 3F-bankswitched (and other?) cartridges.
     52  10000 ????						; The reason is that this bankswitching scheme treats any access to locations
     53  10000 ????						; < $40 as a bankswitch.
     54  10000 ????
     55  10000 ????			   -	       IFNCONST	TIA_BASE_ADDRESS
     56  10000 ????			   -TIA_BASE_ADDRESS =	0
     57  10000 ????				       ENDIF
     58  10000 ????
     59  10000 ????						; Note: The address may be defined on the command-line using the -D switch, eg:
     60  10000 ????						; dasm.exe code.asm -DTIA_BASE_ADDRESS=$40 -f3 -v5 -ocode.bin
     61  10000 ????						; *OR* by declaring the label before including this file, eg:
     62  10000 ????						; TIA_BASE_ADDRESS = $40
     63  10000 ????						;   include "vcs.h"
     64  10000 ????
     65  10000 ????						; Alternate read/write address capability - allows for some disassembly compatibility
     66  10000 ????						; usage ; to allow reassembly to binary perfect copies).  This is essentially catering
     67  10000 ????						; for the mirrored ROM hardware registers.
     68  10000 ????
     69  10000 ????						; Usage: As per above, define the TIA_BASE_READ_ADDRESS and/or TIA_BASE_WRITE_ADDRESS
     70  10000 ????						; using the -D command-line switch, as required.  If the addresses are not defined, 
     71  10000 ????						; they defaut to the TIA_BASE_ADDRESS.
     72  10000 ????
     73  10000 ????			   -	       IFNCONST	TIA_BASE_READ_ADDRESS
     74  10000 ????			   -TIA_BASE_READ_ADDRESS =	TIA_BASE_ADDRESS
     75  10000 ????				       ENDIF
     76  10000 ????
     77  10000 ????			   -	       IFNCONST	TIA_BASE_WRITE_ADDRESS
     78  10000 ????			   -TIA_BASE_WRITE_ADDRESS =	TIA_BASE_ADDRESS
     79  10000 ????				       ENDIF
     80  10000 ????
     81  10000 ????						;-------------------------------------------------------------------------------
     82  10000 ????
     83 U002d ????				      SEG.U	TIA_REGISTERS_WRITE
     84 U0000					      ORG	TIA_BASE_WRITE_ADDRESS
     85 U0000
     86 U0000							; DO NOT CHANGE THE RELATIVE ORDERING OF REGISTERS!
     87 U0000
     88 U0000		       00	   VSYNC      ds	1	; $00	 0000 00x0   Vertical Sync Set-Clear
     89 U0001		       00	   VBLANK     ds	1	; $01	 xx00 00x0   Vertical Blank Set-Clear
     90 U0002		       00	   WSYNC      ds	1	; $02	 ---- ----   Wait for Horizontal Blank
     91 U0003		       00	   RSYNC      ds	1	; $03	 ---- ----   Reset Horizontal Sync Counter
     92 U0004		       00	   NUSIZ0     ds	1	; $04	 00xx 0xxx   Number-Size player/missle 0
     93 U0005		       00	   NUSIZ1     ds	1	; $05	 00xx 0xxx   Number-Size player/missle 1
     94 U0006		       00	   COLUP0     ds	1	; $06	 xxxx xxx0   Color-Luminance Player 0
     95 U0007		       00	   COLUP1     ds	1	; $07	 xxxx xxx0   Color-Luminance Player 1
     96 U0008		       00	   COLUPF     ds	1	; $08	 xxxx xxx0   Color-Luminance Playfield
     97 U0009		       00	   COLUBK     ds	1	; $09	 xxxx xxx0   Color-Luminance Background
     98 U000a		       00	   CTRLPF     ds	1	; $0A	 00xx 0xxx   Control Playfield, Ball, Collisions
     99 U000b		       00	   REFP0      ds	1	; $0B	 0000 x000   Reflection Player 0
    100 U000c		       00	   REFP1      ds	1	; $0C	 0000 x000   Reflection Player 1
    101 U000d		       00	   PF0	      ds	1	; $0D	 xxxx 0000   Playfield Register Byte 0
    102 U000e		       00	   PF1	      ds	1	; $0E	 xxxx xxxx   Playfield Register Byte 1
    103 U000f		       00	   PF2	      ds	1	; $0F	 xxxx xxxx   Playfield Register Byte 2
    104 U0010		       00	   RESP0      ds	1	; $10	 ---- ----   Reset Player 0
    105 U0011		       00	   RESP1      ds	1	; $11	 ---- ----   Reset Player 1
    106 U0012		       00	   RESM0      ds	1	; $12	 ---- ----   Reset Missle 0
    107 U0013		       00	   RESM1      ds	1	; $13	 ---- ----   Reset Missle 1
    108 U0014		       00	   RESBL      ds	1	; $14	 ---- ----   Reset Ball
    109 U0015		       00	   AUDC0      ds	1	; $15	 0000 xxxx   Audio Control 0
    110 U0016		       00	   AUDC1      ds	1	; $16	 0000 xxxx   Audio Control 1
    111 U0017		       00	   AUDF0      ds	1	; $17	 000x xxxx   Audio Frequency 0
    112 U0018		       00	   AUDF1      ds	1	; $18	 000x xxxx   Audio Frequency 1
    113 U0019		       00	   AUDV0      ds	1	; $19	 0000 xxxx   Audio Volume 0
    114 U001a		       00	   AUDV1      ds	1	; $1A	 0000 xxxx   Audio Volume 1
    115 U001b		       00	   GRP0       ds	1	; $1B	 xxxx xxxx   Graphics Register Player 0
    116 U001c		       00	   GRP1       ds	1	; $1C	 xxxx xxxx   Graphics Register Player 1
    117 U001d		       00	   ENAM0      ds	1	; $1D	 0000 00x0   Graphics Enable Missle 0
    118 U001e		       00	   ENAM1      ds	1	; $1E	 0000 00x0   Graphics Enable Missle 1
    119 U001f		       00	   ENABL      ds	1	; $1F	 0000 00x0   Graphics Enable Ball
    120 U0020		       00	   HMP0       ds	1	; $20	 xxxx 0000   Horizontal Motion Player 0
    121 U0021		       00	   HMP1       ds	1	; $21	 xxxx 0000   Horizontal Motion Player 1
    122 U0022		       00	   HMM0       ds	1	; $22	 xxxx 0000   Horizontal Motion Missle 0
    123 U0023		       00	   HMM1       ds	1	; $23	 xxxx 0000   Horizontal Motion Missle 1
    124 U0024		       00	   HMBL       ds	1	; $24	 xxxx 0000   Horizontal Motion Ball
    125 U0025		       00	   VDELP0     ds	1	; $25	 0000 000x   Vertical Delay Player 0
    126 U0026		       00	   VDELP1     ds	1	; $26	 0000 000x   Vertical Delay Player 1
    127 U0027		       00	   VDELBL     ds	1	; $27	 0000 000x   Vertical Delay Ball
    128 U0028		       00	   RESMP0     ds	1	; $28	 0000 00x0   Reset Missle 0 to Player 0
    129 U0029		       00	   RESMP1     ds	1	; $29	 0000 00x0   Reset Missle 1 to Player 1
    130 U002a		       00	   HMOVE      ds	1	; $2A	 ---- ----   Apply Horizontal Motion
    131 U002b		       00	   HMCLR      ds	1	; $2B	 ---- ----   Clear Horizontal Move Registers
    132 U002c		       00	   CXCLR      ds	1	; $2C	 ---- ----   Clear Collision Latches
    133 U002d
    134 U002d							;-------------------------------------------------------------------------------
    135 U002d
    136 U000e ????				      SEG.U	TIA_REGISTERS_READ
    137 U0000					      ORG	TIA_BASE_READ_ADDRESS
    138 U0000
    139 U0000							;											bit 7	 bit 6
    140 U0000		       00	   CXM0P      ds	1	; $00	     xx00 0000	     Read Collision  M0-P1   M0-P0
    141 U0001		       00	   CXM1P      ds	1	; $01	     xx00 0000			     M1-P0   M1-P1
    142 U0002		       00	   CXP0FB     ds	1	; $02	     xx00 0000			     P0-PF   P0-BL
    143 U0003		       00	   CXP1FB     ds	1	; $03	     xx00 0000			     P1-PF   P1-BL
    144 U0004		       00	   CXM0FB     ds	1	; $04	     xx00 0000			     M0-PF   M0-BL
    145 U0005		       00	   CXM1FB     ds	1	; $05	     xx00 0000			     M1-PF   M1-BL
    146 U0006		       00	   CXBLPF     ds	1	; $06	     x000 0000			     BL-PF   -----
    147 U0007		       00	   CXPPMM     ds	1	; $07	     xx00 0000			     P0-P1   M0-M1
    148 U0008		       00	   INPT0      ds	1	; $08	     x000 0000	     Read Pot Port 0
    149 U0009		       00	   INPT1      ds	1	; $09	     x000 0000	     Read Pot Port 1
    150 U000a		       00	   INPT2      ds	1	; $0A	     x000 0000	     Read Pot Port 2
    151 U000b		       00	   INPT3      ds	1	; $0B	     x000 0000	     Read Pot Port 3
    152 U000c		       00	   INPT4      ds	1	; $0C		x000 0000	 Read Input (Trigger) 0
    153 U000d		       00	   INPT5      ds	1	; $0D		x000 0000	 Read Input (Trigger) 1
    154 U000e
    155 U000e							;-------------------------------------------------------------------------------
    156 U000e
    157 U0298 ????				      SEG.U	RIOT
    158 U0280					      ORG	$280
    159 U0280
    160 U0280							; RIOT MEMORY MAP
    161 U0280
    162 U0280		       00	   SWCHA      ds	1	; $280      Port A data register for joysticks:
    163 U0281							;			Bits 4-7 for player 1.  Bits 0-3 for player 2.
    164 U0281
    165 U0281		       00	   SWACNT     ds	1	; $281      Port A data direction register (DDR)
    166 U0282		       00	   SWCHB      ds	1	; $282		Port B data (console switches)
    167 U0283		       00	   SWBCNT     ds	1	; $283      Port B DDR
    168 U0284		       00	   INTIM      ds	1	; $284		Timer output
    169 U0285
    170 U0285		       00	   TIMINT     ds	1	; $285
    171 U0286
    172 U0286							; Unused/undefined registers ($285-$294)
    173 U0286
    174 U0286		       00		      ds	1	; $286
    175 U0287		       00		      ds	1	; $287
    176 U0288		       00		      ds	1	; $288
    177 U0289		       00		      ds	1	; $289
    178 U028a		       00		      ds	1	; $28A
    179 U028b		       00		      ds	1	; $28B
    180 U028c		       00		      ds	1	; $28C
    181 U028d		       00		      ds	1	; $28D
    182 U028e		       00		      ds	1	; $28E
    183 U028f		       00		      ds	1	; $28F
    184 U0290		       00		      ds	1	; $290
    185 U0291		       00		      ds	1	; $291
    186 U0292		       00		      ds	1	; $292
    187 U0293		       00		      ds	1	; $293
    188 U0294
    189 U0294		       00	   TIM1T      ds	1	; $294		set 1 clock interval
    190 U0295		       00	   TIM8T      ds	1	; $295      set 8 clock interval
    191 U0296		       00	   TIM64T     ds	1	; $296      set 64 clock interval
    192 U0297		       00	   T1024T     ds	1	; $297      set 1024 clock interval
    193 U0298
    194 U0298							;-------------------------------------------------------------------------------
    195 U0298							; The following required for back-compatibility with code which does not use
    196 U0298							; segments.
    197 U0298
    198  0000 ????				      SEG
    199  0000 ????
    200  0000 ????						; EOF
------- FILE zoop2.a
------- FILE macro.h LEVEL 2 PASS 3
      0  0000 ????				      include	"macro.h"
      1  0000 ????						; MACRO.H
      2  0000 ????						; Version 1.06, 3/SEPTEMBER/2004
      3  0000 ????
      4  0000 ????	       00 6a	   VERSION_MACRO =	106
      5  0000 ????
      6  0000 ????						;
      7  0000 ????						; THIS FILE IS EXPLICITLY SUPPORTED AS A DASM-PREFERRED COMPANION FILE
      8  0000 ????						; PLEASE DO *NOT* REDISTRIBUTE MODIFIED VERSIONS OF THIS FILE!
      9  0000 ????						;
     10  0000 ????						; This file defines DASM macros useful for development for the Atari 2600.
     11  0000 ????						; It is distributed as a companion machine-specific support package
     12  0000 ????						; for the DASM compiler. Updates to this file, DASM, and associated tools are
     13  0000 ????						; available at at http://www.atari2600.org/dasm
     14  0000 ????						;
     15  0000 ????						; Many thanks to the people who have contributed.  If you take issue with the
     16  0000 ????						; contents, or would like to add something, please write to me
     17  0000 ????						; (atari2600@taswegian.com) with your contribution.
     18  0000 ????						;
     19  0000 ????						; Latest Revisions...
     20  0000 ????						;
     21  0000 ????						; 1.06  03/SEP/2004	 - nice revision of VERTICAL_BLANK (Edwin Blink)
     22  0000 ????						; 1.05  14/NOV/2003	 - Added VERSION_MACRO equate (which will reflect 100x version #)
     23  0000 ????						;			   This will allow conditional code to verify MACRO.H being
     24  0000 ????						;			   used for code assembly.
     25  0000 ????						; 1.04  13/NOV/2003	 - SET_POINTER macro added (16-bit address load)
     26  0000 ????						;
     27  0000 ????						; 1.03  23/JUN/2003	 - CLEAN_START macro added - clears TIA, RAM, registers
     28  0000 ????						;
     29  0000 ????						; 1.02  14/JUN/2003	 - VERTICAL_SYNC macro added
     30  0000 ????						;			   (standardised macro for vertical synch code)
     31  0000 ????						; 1.01  22/MAR/2003	 - SLEEP macro added. 
     32  0000 ????						;			 - NO_ILLEGAL_OPCODES switch implemented
     33  0000 ????						; 1.0	22/MAR/2003		Initial release
     34  0000 ????
     35  0000 ????						; Note: These macros use illegal opcodes.  To disable illegal opcode usage, 
     36  0000 ????						;   define the symbol NO_ILLEGAL_OPCODES (-DNO_ILLEGAL_OPCODES=1 on command-line).
     37  0000 ????						;   If you do not allow illegal opcode usage, you must include this file 
     38  0000 ????						;   *after* including VCS.H (as the non-illegal opcodes access hardware
     39  0000 ????						;   registers and require them to be defined first).
     40  0000 ????
     41  0000 ????						; Available macros...
     42  0000 ????						;   SLEEP n		 - sleep for n cycles
     43  0000 ????						;   VERTICAL_SYNC	 - correct 3 scanline vertical synch code
     44  0000 ????						;   CLEAN_START	 - set machine to known state on startup
     45  0000 ????						;   SET_POINTER	 - load a 16-bit absolute to a 16-bit variable
     46  0000 ????
     47  0000 ????						;-------------------------------------------------------------------------------
     48  0000 ????						; SLEEP duration
     49  0000 ????						; Original author: Thomas Jentzsch
     50  0000 ????						; Inserts code which takes the specified number of cycles to execute.	This is
     51  0000 ????						; useful for code where precise timing is required.
     52  0000 ????						; ILLEGAL-OPCODE VERSION DOES NOT AFFECT FLAGS OR REGISTERS.
     53  0000 ????						; LEGAL OPCODE VERSION MAY AFFECT FLAGS
     54  0000 ????						; Uses illegal opcode (DASM 2.20.01 onwards).
     55  0000 ????
     56  0000 ????				      MAC	sleep
     57  0000 ????			   .CYCLES    SET	{1}
     58  0000 ????
     59  0000 ????				      IF	.CYCLES < 2
     60  0000 ????				      ECHO	"MACRO ERROR: 'SLEEP': Duration must be > 1"
     61  0000 ????				      ERR
     62  0000 ????				      ENDIF
     63  0000 ????
     64  0000 ????				      IF	.CYCLES & 1
     65  0000 ????				      IFNCONST	NO_ILLEGAL_OPCODES
     66  0000 ????				      nop	0
     67  0000 ????				      ELSE
     68  0000 ????				      bit	VSYNC
     69  0000 ????				      ENDIF
     70  0000 ????			   .CYCLES    SET	.CYCLES - 3
     71  0000 ????				      ENDIF
     72  0000 ????
     73  0000 ????				      REPEAT	.CYCLES / 2
     74  0000 ????				      nop
     75  0000 ????				      REPEND
     76  0000 ????				      ENDM		;usage: SLEEP n (n>1)
     77  0000 ????
     78  0000 ????						;-------------------------------------------------------------------------------
     79  0000 ????						; VERTICAL_SYNC
     80  0000 ????						; revised version by Edwin Blink -- saves bytes!
     81  0000 ????						; Inserts the code required for a proper 3 scanline vertical sync sequence
     82  0000 ????						; Note: Alters the accumulator
     83  0000 ????
     84  0000 ????						; OUT: A = 0
     85  0000 ????
     86  0000 ????				      MAC	vertical_sync
     87  0000 ????				      lda	#%1110	; each '1' bits generate a VSYNC ON line (bits 1..3)
     88  0000 ????			   .VSLP1     sta	WSYNC	; 1st '0' bit resets Vsync, 2nd '0' bit exit loop
     89  0000 ????				      sta	VSYNC
     90  0000 ????				      lsr
     91  0000 ????				      bne	.VSLP1	; branch until VYSNC has been reset
     92  0000 ????				      ENDM
     93  0000 ????
     94  0000 ????						;-------------------------------------------------------------------------------
     95  0000 ????						; CLEAN_START
     96  0000 ????						; Original author: Andrew Davie
     97  0000 ????						; Standardised start-up code, clears stack, all TIA registers and RAM to 0
     98  0000 ????						; Sets stack pointer to $FF, and all registers to 0
     99  0000 ????						; Sets decimal mode off, sets interrupt flag (kind of un-necessary)
    100  0000 ????						; Use as very first section of code on boot (ie: at reset)
    101  0000 ????						; Code written to minimise total ROM usage - uses weird 6502 knowledge :)
    102  0000 ????
    103  0000 ????				      MAC	clean_start
    104  0000 ????				      sei
    105  0000 ????				      cld
    106  0000 ????
    107  0000 ????				      ldx	#0
    108  0000 ????				      txa
    109  0000 ????				      tay
    110  0000 ????			   .CLEAR_STACK dex
    111  0000 ????				      txs
    112  0000 ????				      pha
    113  0000 ????				      bne	.CLEAR_STACK	; SP=$FF, X = A = Y = 0
    114  0000 ????
    115  0000 ????				      ENDM
    116  0000 ????
    117  0000 ????						;-------------------------------------------------------
    118  0000 ????						; SET_POINTER
    119  0000 ????						; Original author: Manuel Rotschkar
    120  0000 ????						;
    121  0000 ????						; Sets a 2 byte RAM pointer to an absolute address.
    122  0000 ????						;
    123  0000 ????						; Usage: SET_POINTER pointer, address
    124  0000 ????						; Example: SET_POINTER SpritePTR, SpriteData
    125  0000 ????						;
    126  0000 ????						; Note: Alters the accumulator, NZ flags
    127  0000 ????						; IN 1: 2 byte RAM location reserved for pointer
    128  0000 ????						; IN 2: absolute address
    129  0000 ????
    130  0000 ????				      MAC	set_pointer
    131  0000 ????			   .POINTER   SET	{1}
    132  0000 ????			   .ADDRESS   SET	{2}
    133  0000 ????
    134  0000 ????				      LDA	#<.ADDRESS	; Get Lowbyte of Address
    135  0000 ????				      STA	.POINTER	; Store in pointer
    136  0000 ????				      LDA	#>.ADDRESS	; Get Hibyte of Address
    137  0000 ????				      STA	.POINTER+1	; Store in pointer+1
    138  0000 ????
    139  0000 ????				      ENDM
    140  0000 ????
    141  0000 ????						;-------------------------------------------------------
    142  0000 ????						; BOUNDARY byte#
    143  0000 ????						; Original author: Denis Debro (borrowed from Bob Smith / Thomas)
    144  0000 ????						;
    145  0000 ????						; Push data to a certain position inside a page and keep count of how
    146  0000 ????						; many free bytes the programmer will have.
    147  0000 ????						;
    148  0000 ????						; eg: BOUNDARY 5    ; position at byte #5 in page
    149  0000 ????
    150  0000 ????			   .FREE_BYTES SET	0
    151  0000 ????				      MAC	boundary
    152  0000 ????				      REPEAT	256
    153  0000 ????				      IF	<. % {1} = 0
    154  0000 ????				      MEXIT
    155  0000 ????				      ELSE
    156  0000 ????			   .FREE_BYTES SET	.FREE_BYTES + 1
    157  0000 ????				      .byte	$00
    158  0000 ????				      ENDIF
    159  0000 ????				      REPEND
    160  0000 ????				      ENDM
    161  0000 ????
    162  0000 ????						;-------------------------------------------------------
    163  0000 ????						; SKIP_SCANLINES #lines
    164  0000 ????						;
    165  0000 ????						; Skip a given # of scanlines.
    166  0000 ????						; Sets the X register to zero.
    167  0000 ????
    168  0000 ????				      MAC	skip_scanlines
    169  0000 ????			   .LINES     SET	{1}
    170  0000 ????				      ldx	#.LINES
    171  0000 ????			   .vblank    sta	WSYNC
    172  0000 ????				      dex
    173  0000 ????				      bne	.vblank
    174  0000 ????				      ENDM
    175  0000 ????
    176  0000 ????						; EOF
------- FILE zoop2.a
------- FILE xmacro.h LEVEL 2 PASS 3
      0  0000 ????				      include	"xmacro.h"
      1  0000 ????
      2  0000 ????						;-------------------------------------------------------
      3  0000 ????						; Usage: TIMER_SETUP lines
      4  0000 ????						; where lines is the number of scanlines to skip (> 2).
      5  0000 ????						; The timer will be set so that it expires before this number
      6  0000 ????						; of scanlines. A WSYNC will be done first.
      7  0000 ????
      8  0000 ????				      MAC	timer_setup
      9  0000 ????			   .lines     SET	{1}
     10  0000 ????			   .cycles    SET	((.lines * 76) - 13)
     11  0000 ????						; special case for when we have two timer events in a line
     12  0000 ????						; and our 2nd event straddles the WSYNC boundary
     13  0000 ????				      if	(.cycles % 64) < 12
     14  0000 ????				      lda	#(.cycles / 64) - 1
     15  0000 ????				      sta	WSYNC
     16  0000 ????				      else
     17  0000 ????				      lda	#(.cycles / 64)
     18  0000 ????				      sta	WSYNC
     19  0000 ????				      endif
     20  0000 ????				      sta	TIM64T
     21  0000 ????				      ENDM
     22  0000 ????
     23  0000 ????						;-------------------------------------------------------
     24  0000 ????						; Use with TIMER_SETUP to wait for timer to complete.
     25  0000 ????						; Performs a WSYNC afterwards.
     26  0000 ????
     27  0000 ????				      MAC	timer_wait
     28  0000 ????			   .waittimer
     29  0000 ????				      lda	INTIM
     30  0000 ????				      bne	.waittimer
     31  0000 ????				      sta	WSYNC
     32  0000 ????				      ENDM
------- FILE zoop2.a
      5  0000 ????						;;;;;;;;;;;;;;;;;;;;;;;;;;;;;;;;;;;;;;;;;;;;;;;;;;;;;;;;;;;;;;;
      6  0000 ????						;;;;;;;;;;;;;;;;;;;;;;;;;;;;;;;;;;;;;;;;;;;;;;;;;;;;;;;;;;;;;;;
      7  0000 ????						;;;;;;;;;;;;;;;;;;;;;;;;;;;;;;;;;;;;;;;;;;;;;;;;;;;;;;;;;;;;;;;
      8  0000 ????						; Constants segment
      9  0000 ????						; ---- COLORS
     10  0000 ????	       00 00	   CONS_COLOR_BLACK EQU	$00
     11  0000 ????	       00 04	   CONS_COLOR_LGREY EQU	#04
     12  0000 ????	       00 0c	   CONS_COLOR_GREY_C EQU	$0C
     13  0000 ????	       00 07	   CONS_COLOR_GREY_7 EQU	$07
     14  0000 ????	       00 02	   CONS_COLOR_GREY EQU	$02
     15  0000 ????	       00 0e	   CONS_COLOR_WHITE EQU	$0E
     16  0000 ????
     17  0000 ????	       00 46	   CONS_COLOR_RED EQU	$46
     18  0000 ????	       00 38	   CONS_COLOR_ORANGE EQU	$38
     19  0000 ????	       00 1e	   CONS_COLOR_YELLOW EQU	$1E
     20  0000 ????	       00 c6	   CONS_COLOR_GREEN EQU	$C6
     21  0000 ????	       00 a6	   CONS_COLOR_BLUE EQU	$A6
     22  0000 ????	       00 64	   CONS_COLOR_PURPLE EQU	$64
     23  0000 ????
     24  0000 ????	       00 3c	   CONS_COLOR_PINK EQU	$3C
     25  0000 ????	       00 8d	   CONS_COLOR_TEAL EQU	$8D
     26  0000 ????	       00 ca	   CONS_COLOR_CHART EQU	$CA
     27  0000 ????						; ---- COLOR MAPPING TO OBJECT
     28  0000 ????	       00 0c	   CONS_GRID_BRICKS_BG EQU	CONS_COLOR_GREY_C
     29  0000 ????	       00 07	   CONS_GRID_CLIFF_BG EQU	CONS_COLOR_GREY_7
     30  0000 ????	       00 02	   CONS_PLAYERZONE_PF EQU	CONS_COLOR_GREY
     31  0000 ????	       00 0e	   CONS_PLAYERZONE_ACTION EQU	CONS_COLOR_WHITE
     32  0000 ????	       00 04	   CONS_PLAYERZONE_NOACT EQU	CONS_COLOR_LGREY
     33  0000 ????	       00 c6	   CONS_SCORE_POSITIVE EQU	CONS_COLOR_GREEN
     34  0000 ????	       00 46	   CONS_SCORE_NEGATIVE EQU	CONS_COLOR_RED
     35  0000 ????	       00 64	   CONS_TIME_BG EQU	CONS_COLOR_PURPLE
     36  0000 ????						;;;;;;;;;;;;;;;;;;;;;;;;;;;;;;;;;;;;;;;;;;;;;;;;;;;;;;;;;;;;;;;
     37  0000 ????						;;;;;;;;;;;;;;;;;;;;;;;;;;;;;;;;;;;;;;;;;;;;;;;;;;;;;;;;;;;;;;;
     38  0000 ????						;;;;;;;;;;;;;;;;;;;;;;;;;;;;;;;;;;;;;;;;;;;;;;;;;;;;;;;;;;;;;;;
     39  0000 ????						; Macros
     40  0000 ????						;--------
     41  0000 ????						; FLIP_BOOL
     42  0000 ????						; Original author: Andy Garber
     43  0000 ????						; Takes a memory address and flips it's value than stores it
     44  0000 ????						; Assumes the Memory address value is 1 or 0
     45  0000 ????						; usage: FLIP_BOOL SomeAddress
     46  0000 ????				      MAC	flip_bool
     47  0000 ????			   .MEMADDR   SET	{1}
     48  0000 ????				      lda	.MEMADDR
     49  0000 ????				      EOR	#$01
     50  0000 ????				      sta	.MEMADDR
     51  0000 ????				      ENDM
     52  0000 ????
     53  0000 ????						;--------
     54  0000 ????						; LOAD_POINTER_WITH_DATA
     55  0000 ????						; Original author: Andy Garber
     56  0000 ????						; Loads a pointer with low byte than high byte address of data object
     57  0000 ????						; usage: LOAD_POINTER_WITH_DATA pointer data
     58  0000 ????				      MAC	load_pointer_with_data
     59  0000 ????			   .POINTER   SET	{1}
     60  0000 ????			   .DATA_BLOB SET	{2}
     61  0000 ????				      lda	#<.DATA_BLOB
     62  0000 ????				      sta	.POINTER
     63  0000 ????				      lda	#>.DATA_BLOB
     64  0000 ????				      sta	.POINTER+1
     65  0000 ????				      ENDM
     66  0000 ????						;--------
     67  0000 ????						; WYSNC_REPEATER
     68  0000 ????						; Original author: Andy Garber
     69  0000 ????						; just a wrapper around REPEAT X lines of WSYNC. used to help with spacing in this game.
     70  0000 ????				      MAC	wysnc_repeater
     71  0000 ????			   .LINES_TO_WAIT SET	{1}
     72  0000 ????				      REPEAT	.LINES_TO_WAIT
     73  0000 ????				      sta	WSYNC
     74  0000 ????				      REPEND
     75  0000 ????				      ENDM
     76  0000 ????						;--------
     77  0000 ????						; START_FRAME
     78  0000 ????						; Original author: Andy Garber
     79  0000 ????						; just the first few lines when drawing a frame
     80  0000 ????				      MAC	start_frame
     81  0000 ????				      lsr	SWCHB	; test Game Reset switch
     82  0000 ????						;bcc GotoStart  ; reset?
     83  0000 ????				      VERTICAL_SYNC		; 1 + 3 lines of VSYNC
     84  0000 ????				      ENDM
     85  0000 ????						;;;;;;;;;;;;;;;;;;;;;;;;;;;;;;;;;;;;;;;;;;;;;;;;;;;;;;;;;;;;;;;
     86  0000 ????						;;;;;;;;;;;;;;;;;;;;;;;;;;;;;;;;;;;;;;;;;;;;;;;;;;;;;;;;;;;;;;;
     87  0000 ????						;;;;;;;;;;;;;;;;;;;;;;;;;;;;;;;;;;;;;;;;;;;;;;;;;;;;;;;;;;;;;;;
     88  0000 ????						; Variables segment
     89  0000 ????
     90 U00fb ????				      seg.u	Variables
     91 U0080					      org	$80
     92 U0080		       00 05	   CONS_BQ_VERT_COLS EQU	#5
     93 U0080		       00 06	   CONS_BQ_VERT_ROWS EQU	#6
     94 U0080		       00 04	   CONS_BQ_VERT_ROW_HEIGHT EQU	#4
     95 U0080							;
     96 U0080		       00 05	   CONS_CLIFF_HEIGHT EQU	#5
     97 U0080		       00 02	   CONS_CLIFF_SHADING_GAP EQU	#2
     98 U0080							;
     99 U0080		       00 06	   CONS_PLAYERZ_COLS EQU	#6
    100 U0080		       00 03	   CONS_PLAYERZ_ROWS EQU	#3
    101 U0080		       00 08	   CONS_PLAYERZ_ROW_HEIGHT EQU	#8
    102 U0080							;
    103 U0080		       00 33	   CONS_SCORE_LEFTMOST_DIGIT_X EQU	#$33
    104 U0080		       00 20	   CONS_SCORE_MINUS_SIGN_X EQU	#$20
    105 U0080							;
    106 U0080		       00 0a	   CONS_TIMER_FRAMES_PER_SEC EQU	#10
    107 U0080		       00 ff	   CONS_TIMER_NEXT_COLOR EQU	#255
    108 U0080							;
    109 U0080		       00 00	   CONS_GAMESTATE_TITLE EQU	#00
    110 U0080		       00 03	   CONS_GAMESTATE_INITIALIZE EQU	#03
    111 U0080		       00 02	   CONS_GAMESTATE_PLAY EQU	#02
    112 U0080		       00 01	   CONS_GAMESTATE_GAMEOVER EQU	#01
    113 U0080							;
    114 U0080		       00	   TempByte   .byte.b
    115 U0081		       00 00	   TempPtr    .DS	2
    116 U0083							;
    117 U0083		       00	   NextColorCounter .byte.b
    118 U0084		       00	   NextColor  .byte.b
    119 U0085		       00	   NextColumn .byte.b
    120 U0086							;
    121 U0086		       00	   FrameCount .byte.b
    122 U0087		       00	   Random     .byte.b
    123 U0088							;
    124 U0088		       00	   CliffColor .byte.b
    125 U0089							;
    126 U0089		       00 00	   Player0Pos_Ptr .DS	2
    127 U008b		       00	   Player0Pos_Col .byte.b
    128 U008c		       00	   Player0Pos_Row .byte.b
    129 U008d		       00	   Player0_Color .byte.b
    130 U008e		       00 00	   Player0_InputSettings .DS	2	; 0 == current, 1 == previous
    131 U0090							;
    132 U0090		       00	   GameState  .byte.b
    133 U0091		       00 00	   LoopIdx    .DS	2
    134 U0093							;
    135 U0093		       00 00	   BlockQueue_Data_Ptr .DS	2
    136 U0095		       00 00	   BlockQueue_Addr_Ptr .DS	2
    137 U0097		       00	   BlockQueue_Idx .byte.b
    138 U00a0					      org	$A0
    139 U00a0		       00 00 00 00*BlockQueue_Top_0 .DS	#CONS_BQ_VERT_COLS
    140 U00a5		       00	   BlockQueue_Top_0_Preview .byte.b
    141 U00b0					      org	$B0
    142 U00b0		       00 00 00 00*BlockQueue_Top_1 .DS	#CONS_BQ_VERT_COLS
    143 U00b5		       00	   BlockQueue_Top_1_Preview .byte.b
    144 U00c0					      org	$C0
    145 U00c0		       00 00 00 00*BlockQueue_Top_2 .DS	#CONS_BQ_VERT_COLS
    146 U00c5		       00	   BlockQueue_Top_2_Preview .byte.b
    147 U00d0					      org	$D0
    148 U00d0		       00 00 00 00*BlockQueue_Top_3 .DS	#CONS_BQ_VERT_COLS
    149 U00d5		       00	   BlockQueue_Top_3_Preview .byte.b
    150 U00e0					      org	$E0
    151 U00e0		       00 00 00 00*BlockQueue_Top_4 .DS	#CONS_BQ_VERT_COLS
    152 U00e5		       00	   BlockQueue_Top_4_Preview .byte.b
    153 U00e6
    154 U00a8					      org	$A8
    155 U00a8		       00 00 00 00*BlockQueue_Bot_0 .DS	#CONS_BQ_VERT_COLS
    156 U00ad		       00	   BlockQueue_Bot_0_Preview .byte.b
    157 U00b8					      org	$B8
    158 U00b8		       00 00 00 00*BlockQueue_Bot_1 .DS	#CONS_BQ_VERT_COLS
    159 U00bd		       00	   BlockQueue_Bot_1_Preview .byte.b
    160 U00c8					      org	$C8
    161 U00c8		       00 00 00 00*BlockQueue_Bot_2 .DS	#CONS_BQ_VERT_COLS
    162 U00cd		       00	   BlockQueue_Bot_2_Preview .byte.b
    163 U00d8					      org	$D8
    164 U00d8		       00 00 00 00*BlockQueue_Bot_3 .DS	#CONS_BQ_VERT_COLS
    165 U00dd		       00	   BlockQueue_Bot_3_Preview .byte.b
    166 U00e8					      org	$E8
    167 U00e8		       00 00 00 00*BlockQueue_Bot_4 .DS	#CONS_BQ_VERT_COLS
    168 U00ed		       00	   BlockQueue_Bot_4_Preview .byte.b
    169 U00ee							;
    170 U00f0					      org	$F0
    171 U00f0		       00 00 00    NumberIdx  .DS	3
    172 U00f3		       00	   ScoreNeg   .byte.b
    173 U00f4		       00 00 00    Score      .DS	3
    174 U00f7		       00 00 00    Time       .DS	3
    175 U00fa		       00	   TimeDec    .byte.b
    176 U00fb							;;;;;;;;;;;;;;;;;;;;;;;;;;;;;;;;;;;;;;;;;;;;;;;;;;;;;;;;;;;;;;;
    177 U00fb							;;;;;;;;;;;;;;;;;;;;;;;;;;;;;;;;;;;;;;;;;;;;;;;;;;;;;;;;;;;;;;;
    178 U00fb							;;;;;;;;;;;;;;;;;;;;;;;;;;;;;;;;;;;;;;;;;;;;;;;;;;;;;;;;;;;;;;;
    179 U00fb							; Code segment
    180  10000 ????				       seg	Code
    181  f000					      org	$f000
    182  f000				   Start
      0  f000					      CLEAN_START
      1  f000		       78		      sei
      2  f001		       d8		      cld
      3  f002
      4  f002		       a2 00		      ldx	#0
      5  f004		       8a		      txa
      6  f005		       a8		      tay
      7  f006		       ca	   .CLEAR_STACK dex
      8  f007		       9a		      txs
      9  f008		       48		      pha
     10  f009		       d0 fb		      bne	.CLEAR_STACK
     11  f00b
    184  f00b		       a9 00		      lda	#$00
    185  f00d		       85 90		      sta	GameState
    186  f00f				   BranchOnGamestate
    187  f00f		       20 1c f6 	      jsr	SetupPointersBasedOnGameState
    188  f012		       a5 90		      lda	GameState
    189  f014		       c9 03		      cmp	#CONS_GAMESTATE_INITIALIZE
    190  f016		       f0 10		      beq	GameState.Initialize
    191  f018							;cmp #CONS_GAMESTATE_PLAY
    192  f018							;beq GameState.Play
    193  f018		       c9 01		      cmp	#CONS_GAMESTATE_GAMEOVER
    194  f01a		       f0 06		      beq	GameState.GameOver
    195  f01c				   GameState.Title
    196  f01c		       20 91 f5 	      jsr	runTitleScreen
    197  f01f		       4c 1c f0 	      jmp	GameState.Title
    198  f022				   GameState.GameOver
    199  f022		       20 91 f5 	      jsr	runTitleScreen
    200  f025		       4c 22 f0 	      jmp	GameState.GameOver
    201  f028				   GameState.Initialize
    202  f028		       a9 00		      lda	#$00
    203  f02a		       85 80		      sta	TempByte
    204  f02c
    205  f02c		       a9 01		      lda	#$01
    206  f02e		       85 f9		      sta	Time+2
    207  f030		       a9 00		      lda	#$00
    208  f032		       85 f8		      sta	Time+1
    209  f034		       a9 00		      lda	#$00
    210  f036		       85 f7		      sta	Time
    211  f038
    212  f038		       a9 0a		      lda	#10
    213  f03a		       85 83		      sta	NextColorCounter
    214  f03c
    215  f03c		       ad 84 02 	      lda	INTIM	; Use the timer counter value
    216  f03f		       c9 00		      cmp	#$00
    217  f041		       d0 02		      bne	setRandomSeed
    218  f043		       a9 87		      lda	#$87
    219  f045				   setRandomSeed
    220  f045		       85 87		      sta	Random
    221  f047		       a0 06		      ldy	#CONS_BQ_VERT_ROWS
    222  f049				   Kernal_Temp_Rows
    223  f049							;TOP
    224  f049		       20 62 f5 	      jsr	GetRandomColor
    225  f04c		       ad 61 f6 	      lda	Colors,NextColor
    226  f04f		       99 a0 00 	      sta	BlockQueue_Top_0,y
    227  f052		       20 62 f5 	      jsr	GetRandomColor
    228  f055		       ad 61 f6 	      lda	Colors,NextColor
    229  f058		       99 b0 00 	      sta	BlockQueue_Top_1,y
    230  f05b		       20 62 f5 	      jsr	GetRandomColor
    231  f05e		       ad 61 f6 	      lda	Colors,NextColor
    232  f061		       99 c0 00 	      sta	BlockQueue_Top_2,y
    233  f064		       20 62 f5 	      jsr	GetRandomColor
    234  f067		       ad 61 f6 	      lda	Colors,NextColor
    235  f06a		       99 d0 00 	      sta	BlockQueue_Top_3,y
    236  f06d		       20 62 f5 	      jsr	GetRandomColor
    237  f070		       ad 61 f6 	      lda	Colors,NextColor
    238  f073		       99 e0 00 	      sta	BlockQueue_Top_4,y
    239  f076							;BOT
    240  f076		       20 62 f5 	      jsr	GetRandomColor
    241  f079		       ad 61 f6 	      lda	Colors,NextColor
    242  f07c		       99 a8 00 	      sta	BlockQueue_Bot_0,y
    243  f07f		       20 62 f5 	      jsr	GetRandomColor
    244  f082		       ad 61 f6 	      lda	Colors,NextColor
    245  f085		       99 b8 00 	      sta	BlockQueue_Bot_1,y
    246  f088		       20 62 f5 	      jsr	GetRandomColor
    247  f08b		       ad 61 f6 	      lda	Colors,NextColor
    248  f08e		       99 c8 00 	      sta	BlockQueue_Bot_2,y
    249  f091		       20 62 f5 	      jsr	GetRandomColor
    250  f094		       ad 61 f6 	      lda	Colors,NextColor
    251  f097		       99 d8 00 	      sta	BlockQueue_Bot_3,y
    252  f09a		       20 62 f5 	      jsr	GetRandomColor
    253  f09d		       ad 61 f6 	      lda	Colors,NextColor
    254  f0a0		       99 e8 00 	      sta	BlockQueue_Bot_4,y
    255  f0a3				   Kernal_Temp_Next
    256  f0a3		       88		      dey
    257  f0a4		       98		      tya
    258  f0a5		       c9 04		      cmp	#CONS_BQ_VERT_ROWS-2
    259  f0a7		       b0 a0		      bcs	Kernal_Temp_Rows
    260  f0a9
    261  f0a9							;;;;;;;;;;;;;;;;;;;;;;;;;;;;;;;;;;;;;;;;;;;;;;;;;;;;;;;;;;;;;;
    262  f0a9							; Setup Other Player Things
    263  f0a9		       a9 02		      lda	#$02
    264  f0ab		       85 8b		      sta	Player0Pos_Col
    265  f0ad		       85 97		      sta	BlockQueue_Idx
    266  f0af
    267  f0af		       a9 02		      lda	#$02
    268  f0b1		       85 8c		      sta	Player0Pos_Row
    269  f0b3		       a9 c6		      lda	#CONS_COLOR_GREEN
    270  f0b5		       85 8d		      sta	Player0_Color
    271  f0b7							;Just to easily see end of memory
    272  f0b7		       a9 ee		      lda	#$EE
    273  f0b9		       85 98		      sta	BlockQueue_Idx+1
    274  f0bb		       a9 ff		      lda	#$FF
    275  f0bd		       85 99		      sta	BlockQueue_Idx+2
    276  f0bf		       4c ca f0 	      jmp	NextFrame
    277  f0c2				   GotoStart
    278  f0c2		       a9 00		      lda	#$00
    279  f0c4		       85 90		      sta	GameState
    280  f0c6		       4c 00 f0 	      jmp	Start
    281  f0c9							;;;;;;;;;;;;;;;;;;;;;;;;;;;;;;;;;;;;;;;;;;;;;;;;;;;;;;;;;;;;;;;
    282  f0c9							;;;;;;;;;;;;;;;;;;;;;;;;;;;;;;;;;;;;;;;;;;;;;;;;;;;;;;;;;;;;;;;
    283  f0c9							;;;;;;;;;;;;;;;;;;;;;;;;;;;;;;;;;;;;;;;;;;;;;;;;;;;;;;;;;;;;;;;
    284  f0c9							; On Frame Code segment
    285  f0c9				   GameState.Play
    286  f0c9		       ea		      nop
    287  f0ca				   NextFrame
      0  f0ca					      START_FRAME
      1  f0ca		       4e 82 02 	      lsr	SWCHB
      2  f0cd
      0  f0cd					      VERTICAL_SYNC
      1  f0cd		       a9 0e		      lda	#%1110
      2  f0cf		       85 02	   .VSLP1     sta	WSYNC
      3  f0d1		       85 00		      sta	VSYNC
      4  f0d3		       4a		      lsr
      5  f0d4		       d0 f9		      bne	.VSLP1
    289  f0d6							;;;;;;;;;;;;;;;;;;;;;;;;;;;;;;;;;;;;;;;;;;;;;;;;;;;;;;;;;;;;;;;
    290  f0d6							; 37 lines of underscan
      0  f0d6					      TIMER_SETUP	37
      1  f0d6				   .lines     SET	37
      2  f0d6				   .cycles    SET	((.lines * 76) - 13)
      3  f0d6
      4  f0d6
      5  f0d6				  -	      if	(.cycles % 64) < 12
      6  f0d6				  -	      lda	#(.cycles / 64) - 1
      7  f0d6				  -	      sta	WSYNC
      8  f0d6					      else
      9  f0d6		       a9 2b		      lda	#(.cycles / 64)
     10  f0d8		       85 02		      sta	WSYNC
     11  f0da					      endif
     12  f0da		       8d 96 02 	      sta	TIM64T
    292  f0dd							;;;;;;;;;;;;;;;;;;;;;;;
    293  f0dd							; Set Positions
    294  f0dd		       85 02		      sta	WSYNC
    295  f0df							;;;;;;;;;;;;;;;;;;;;;;;
    296  f0df							; Set Player X -- todo make this a pointer and data table affair.
    297  f0df		       a4 8b		      ldy	Player0Pos_Col
    298  f0e1		       b1 89		      lda	(Player0Pos_Ptr),y
    299  f0e3		       a2 00		      ldx	#0	; player 0
    300  f0e5		       20 ea f3 	      jsr	SetHorizPos
    301  f0e8		       85 02		      sta	WSYNC
    302  f0ea		       a9 33		      lda	#CONS_SCORE_LEFTMOST_DIGIT_X
    303  f0ec		       a2 01		      ldx	#1	; player 1
    304  f0ee		       20 ea f3 	      jsr	SetHorizPos
    305  f0f1		       85 02		      sta	WSYNC
    306  f0f3		       a9 20		      lda	#CONS_SCORE_MINUS_SIGN_X
    307  f0f5		       a2 02		      ldx	#02	; player 0 missle
    308  f0f7		       20 ea f3 	      jsr	SetHorizPos
    309  f0fa		       ea		      nop
      0  f0fb					      TIMER_WAIT
      1  f0fb				   .waittimer
      2  f0fb		       ad 84 02 	      lda	INTIM
      3  f0fe		       d0 fb		      bne	.waittimer
      4  f100		       85 02		      sta	WSYNC
    311  f102
    312  f102							;;;;;;;;;;;;;;;;;;;;;;;;;;;;;;;;;;;;;;;;;;;;;;;;;;;;;;;;;;;;;;;
    313  f102							; 192 lines of frame
    314  f102
      0  f102					      TIMER_SETUP	192
      1  f102				   .lines     SET	192
      2  f102				   .cycles    SET	((.lines * 76) - 13)
      3  f102
      4  f102
      5  f102				  -	      if	(.cycles % 64) < 12
      6  f102				  -	      lda	#(.cycles / 64) - 1
      7  f102				  -	      sta	WSYNC
      8  f102					      else
      9  f102		       a9 e3		      lda	#(.cycles / 64)
     10  f104		       85 02		      sta	WSYNC
     11  f106					      endif
     12  f106		       8d 96 02 	      sta	TIM64T
    316  f109							;;;;;;;;;;;;;;;;;;;;;;;
    317  f109							; vv just for testing
    318  f109		       a9 00		      lda	#$00
    319  f10b		       85 f3		      sta	ScoreNeg
    320  f10d							; ^^ just for testing
    321  f10d		       a9 30		      lda	#%0110000
    322  f10f		       85 04		      sta	NUSIZ0
    323  f111		       a9 46		      lda	#%1000110
    324  f113		       85 05		      sta	NUSIZ1
    325  f115		       a9 00		      lda	#CONS_COLOR_BLACK
    326  f117		       85 06		      sta	COLUP0
    327  f119		       85 07		      sta	COLUP1
    328  f11b
      0  f11b					      WYSNC_REPEATER	1
      1  f11b				   .LINES_TO_WAIT SET	1
      2  f11b					      REPEAT	.LINES_TO_WAIT
      3  f11b		       85 02		      sta	WSYNC
      4  f11d					      REPEND
    330  f11d		       a5 f3		      lda	ScoreNeg
    331  f11f		       d0 07		      bne	Kernal_PreScore.isNegativeColor
    332  f121				   Kernal_PreScore.isPositiveColor
    333  f121		       a9 c6		      lda	#CONS_SCORE_POSITIVE
    334  f123		       85 09		      sta	COLUBK
    335  f125		       4c 2c f1 	      jmp	Kernal_PreScore.getNibbles
    336  f128				   Kernal_PreScore.isNegativeColor
    337  f128		       a9 46		      lda	#CONS_SCORE_NEGATIVE
    338  f12a		       85 09		      sta	COLUBK
    339  f12c				   Kernal_PreScore.getNibbles
    340  f12c							; -- Always set the digit right nibble, we'll probably do this LATER in the code
    341  f12c		       a5 f4		      lda	Score
    342  f12e		       29 0f		      and	#$0F
    343  f130		       85 f4		      sta	Score
    344  f132		       a5 f5		      lda	Score+1
    345  f134		       29 0f		      and	#$0F
    346  f136		       85 f5		      sta	Score+1
    347  f138		       a5 f6		      lda	Score+2
    348  f13a		       29 0f		      and	#$0F
    349  f13c		       85 f6		      sta	Score+2
    350  f13e							;-- loop over EVERY digit
    351  f13e
    352  f13e		       a2 02		      ldx	#02
    353  f140				   Kernal_PreScore.setNumAddresses
    354  f140		       b4 f4		      ldy	Score,x
    355  f142		       18		      clc
    356  f143		       a9 05		      lda	#$05	; 0 ALWAYS starts at 5
    357  f145				   Kernal_PreScore.loopaddress
    358  f145		       88		      dey
    359  f146		       30 05		      bmi	Kernal_PreScore.addTempByte
    360  f148		       69 06		      adc	#$06
    361  f14a		       4c 45 f1 	      jmp	Kernal_PreScore.loopaddress
    362  f14d				   Kernal_PreScore.addTempByte
    363  f14d		       95 f0		      sta	NumberIdx,x
    364  f14f		       ca		      dex
    365  f150		       10 ee		      bpl	Kernal_PreScore.setNumAddresses
    366  f152							;----------------
    367  f152		       a0 06		      ldy	#$06
    368  f154				   Kernal_Score
      0  f154					      WYSNC_REPEATER	1
      1  f154				   .LINES_TO_WAIT SET	1
      2  f154					      REPEAT	.LINES_TO_WAIT
      3  f154		       85 02		      sta	WSYNC
      4  f156					      REPEND
    370  f156		       a5 f3		      lda	ScoreNeg
    371  f158		       f0 08		      beq	Kernal_Score.extraDelay
    372  f15a		       b9 7a f6 	      lda	Minus_Sign,y
    373  f15d		       85 1d		      sta	ENAM0
    374  f15f		       4c 67 f1 	      jmp	Kernal_Score.printDigits
    375  f162				   Kernal_Score.extraDelay
      0  f162					      SLEEP	9
      1  f162				   .CYCLES    SET	9
      2  f162
      3  f162				  -	      IF	.CYCLES < 2
      4  f162				  -	      ECHO	"MACRO ERROR: 'SLEEP': Duration must be > 1"
      5  f162				  -	      ERR
      6  f162					      ENDIF
      7  f162
      8  f162					      IF	.CYCLES & 1
      9  f162					      IFNCONST	NO_ILLEGAL_OPCODES
     10  f162		       04 00		      nop	0
     11  f164				  -	      ELSE
     12  f164				  -	      bit	VSYNC
     13  f164					      ENDIF
     14  f164				   .CYCLES    SET	.CYCLES - 3
     15  f164					      ENDIF
     16  f164
     17  f164					      REPEAT	.CYCLES / 2
     18  f164		       ea		      nop
     17  f164					      REPEND
     18  f165		       ea		      nop
     17  f165					      REPEND
     18  f166		       ea		      nop
     19  f167					      REPEND
    377  f167				   Kernal_Score.printDigits
      0  f167					      SLEEP	7
      1  f167				   .CYCLES    SET	7
      2  f167
      3  f167				  -	      IF	.CYCLES < 2
      4  f167				  -	      ECHO	"MACRO ERROR: 'SLEEP': Duration must be > 1"
      5  f167				  -	      ERR
      6  f167					      ENDIF
      7  f167
      8  f167					      IF	.CYCLES & 1
      9  f167					      IFNCONST	NO_ILLEGAL_OPCODES
     10  f167		       04 00		      nop	0
     11  f169				  -	      ELSE
     12  f169				  -	      bit	VSYNC
     13  f169					      ENDIF
     14  f169				   .CYCLES    SET	.CYCLES - 3
     15  f169					      ENDIF
     16  f169
     17  f169					      REPEAT	.CYCLES / 2
     18  f169		       ea		      nop
     17  f169					      REPEND
     18  f16a		       ea		      nop
     19  f16b					      REPEND
    379  f16b		       a6 f2		      ldx	NumberIdx+2
    380  f16d		       bd 81 f6 	      lda	Score_Numbers,x
    381  f170		       85 1c		      sta	GRP1
    382  f172
    383  f172		       a6 f1		      ldx	NumberIdx+1
    384  f174		       bd 81 f6 	      lda	Score_Numbers,x
    385  f177		       85 1c		      sta	GRP1
    386  f179
    387  f179		       a6 f0		      ldx	NumberIdx
    388  f17b		       bd 81 f6 	      lda	Score_Numbers,x
    389  f17e		       85 1c		      sta	GRP1
    390  f180
    391  f180		       c6 f0		      dec	NumberIdx
    392  f182		       c6 f1		      dec	NumberIdx+1
    393  f184		       c6 f2		      dec	NumberIdx+2
    394  f186
    395  f186		       a9 00		      lda	#$00
    396  f188		       85 1c		      sta	GRP1
      0  f18a					      WYSNC_REPEATER	1	; -- todo why is this SO angry!
      1  f18a				   .LINES_TO_WAIT SET	1
      2  f18a					      REPEAT	.LINES_TO_WAIT
      3  f18a		       85 02		      sta	WSYNC
      4  f18c					      REPEND
    398  f18c
    399  f18c		       88		      dey
    400  f18d		       d0 c5		      bne	Kernal_Score
    401  f18f				   Kernal_Score.lowerBuffer
      0  f18f					      WYSNC_REPEATER	1
      1  f18f				   .LINES_TO_WAIT SET	1
      2  f18f					      REPEAT	.LINES_TO_WAIT
      3  f18f		       85 02		      sta	WSYNC
      4  f191					      REPEND
    403  f191		       a9 00		      lda	#$00
    404  f193		       85 1c		      sta	GRP1
    405  f195		       85 1d		      sta	ENAM0
      0  f197					      WYSNC_REPEATER	2
      1  f197				   .LINES_TO_WAIT SET	2
      2  f197					      REPEAT	.LINES_TO_WAIT
      3  f197		       85 02		      sta	WSYNC
      2  f197					      REPEND
      3  f199		       85 02		      sta	WSYNC
      4  f19b					      REPEND
    407  f19b		       a9 00		      lda	#CONS_COLOR_BLACK
    408  f19d		       85 08		      sta	COLUPF
    409  f19f		       85 09		      sta	COLUBK
      0  f1a1					      WYSNC_REPEATER	2
      1  f1a1				   .LINES_TO_WAIT SET	2
      2  f1a1					      REPEAT	.LINES_TO_WAIT
      3  f1a1		       85 02		      sta	WSYNC
      2  f1a1					      REPEND
      3  f1a3		       85 02		      sta	WSYNC
      4  f1a5					      REPEND
    411  f1a5							;;;;;;;;;;;;;;;;;;;;;;;
    412  f1a5		       a9 01		      lda	#%00000001
    413  f1a7		       85 0a		      sta	CTRLPF
    414  f1a9		       a9 0c		      lda	#CONS_GRID_BRICKS_BG
    415  f1ab		       85 08		      sta	COLUPF
    416  f1ad
    417  f1ad		       a9 f0		      lda	#%11110000
    418  f1af		       85 0d		      sta	PF0
    419  f1b1		       a9 e7		      lda	#%11100111
    420  f1b3		       85 0e		      sta	PF1
    421  f1b5		       a9 79		      lda	#%01111001
    422  f1b7		       85 0f		      sta	PF2
    423  f1b9
    424  f1b9		       a9 00		      lda	#$00
    425  f1bb		       a2 05		      ldx	#CONS_BQ_VERT_ROWS-1
    426  f1bd		       85 02		      sta	WSYNC
    427  f1bf				   Kernal_TopBlocks
    428  f1bf							;TODO -- honsetly do I need this? Could just try to use the X value!
    429  f1bf		       a0 04		      ldy	#CONS_BQ_VERT_ROW_HEIGHT
    430  f1c1				   Kernal_TopBlocks.Rows
    431  f1c1		       85 02		      sta	WSYNC
    432  f1c3
    433  f1c3		       b5 a0		      lda	BlockQueue_Top_0,x
    434  f1c5		       85 09		      sta	COLUBK
    435  f1c7
      0  f1c7					      SLEEP	23
      1  f1c7				   .CYCLES    SET	23
      2  f1c7
      3  f1c7				  -	      IF	.CYCLES < 2
      4  f1c7				  -	      ECHO	"MACRO ERROR: 'SLEEP': Duration must be > 1"
      5  f1c7				  -	      ERR
      6  f1c7					      ENDIF
      7  f1c7
      8  f1c7					      IF	.CYCLES & 1
      9  f1c7					      IFNCONST	NO_ILLEGAL_OPCODES
     10  f1c7		       04 00		      nop	0
     11  f1c9				  -	      ELSE
     12  f1c9				  -	      bit	VSYNC
     13  f1c9					      ENDIF
     14  f1c9				   .CYCLES    SET	.CYCLES - 3
     15  f1c9					      ENDIF
     16  f1c9
     17  f1c9					      REPEAT	.CYCLES / 2
     18  f1c9		       ea		      nop
     17  f1c9					      REPEND
     18  f1ca		       ea		      nop
     17  f1ca					      REPEND
     18  f1cb		       ea		      nop
     17  f1cb					      REPEND
     18  f1cc		       ea		      nop
     17  f1cc					      REPEND
     18  f1cd		       ea		      nop
     17  f1cd					      REPEND
     18  f1ce		       ea		      nop
     17  f1ce					      REPEND
     18  f1cf		       ea		      nop
     17  f1cf					      REPEND
     18  f1d0		       ea		      nop
     17  f1d0					      REPEND
     18  f1d1		       ea		      nop
     17  f1d1					      REPEND
     18  f1d2		       ea		      nop
     19  f1d3					      REPEND
    437  f1d3
    438  f1d3		       b5 b0		      lda	BlockQueue_Top_1,x
    439  f1d5		       85 09		      sta	COLUBK
    440  f1d7
    441  f1d7		       b5 c0		      lda	BlockQueue_Top_2,x
    442  f1d9		       85 09		      sta	COLUBK
    443  f1db
    444  f1db		       b5 d0		      lda	BlockQueue_Top_3,x
    445  f1dd		       85 09		      sta	COLUBK
    446  f1df
    447  f1df		       ea		      nop
    448  f1e0
    449  f1e0		       b5 e0		      lda	BlockQueue_Top_4,x
    450  f1e2		       85 09		      sta	COLUBK
    451  f1e4
    452  f1e4		       88		      dey
    453  f1e5		       d0 da		      bne	Kernal_TopBlocks.Rows
    454  f1e7
    455  f1e7		       ea		      nop
    456  f1e8		       a9 00		      lda	#CONS_COLOR_BLACK
    457  f1ea		       85 09		      sta	COLUBK
    458  f1ec		       85 02		      sta	WSYNC
    459  f1ee
    460  f1ee		       ca		      dex
    461  f1ef		       10 ce		      bpl	Kernal_TopBlocks
    462  f1f1							;;;;;;;;;;;;;;;;;;;;;;;
    463  f1f1		       85 02		      sta	WSYNC
    464  f1f3
    465  f1f3		       a9 00		      lda	#%00000000
    466  f1f5		       85 0d		      sta	PF0
    467  f1f7		       a9 18		      lda	#%00011000
    468  f1f9		       85 0e		      sta	PF1
    469  f1fb		       a9 86		      lda	#%10000110
    470  f1fd		       85 0f		      sta	PF2
    471  f1ff		       a9 07		      lda	#CONS_GRID_CLIFF_BG
    472  f201		       85 88		      sta	CliffColor
    473  f203
    474  f203		       a9 00		      lda	#CONS_COLOR_BLACK
    475  f205		       85 08		      sta	COLUPF
    476  f207		       a0 05		      ldy	#CONS_CLIFF_HEIGHT
    477  f209				   Kernal_Cliff_Top
    478  f209		       a5 88		      lda	CliffColor
    479  f20b		       85 09		      sta	COLUBK
    480  f20d		       38		      sec
    481  f20e		       e9 01		      sbc	#01
    482  f210		       85 88		      sta	CliffColor
    483  f212		       a2 02		      ldx	#CONS_CLIFF_SHADING_GAP
    484  f214				   Kernal_Cliff_Top.ColorBandLoop
    485  f214		       85 02		      sta	WSYNC
    486  f216		       ca		      dex
    487  f217		       d0 fb		      bne	Kernal_Cliff_Top.ColorBandLoop
    488  f219		       88		      dey
    489  f21a		       d0 ed		      bne	Kernal_Cliff_Top
      0  f21c					      WYSNC_REPEATER	1
      1  f21c				   .LINES_TO_WAIT SET	1
      2  f21c					      REPEAT	.LINES_TO_WAIT
      3  f21c		       85 02		      sta	WSYNC
      4  f21e					      REPEND
    491  f21e		       a9 00		      lda	#CONS_COLOR_BLACK
    492  f220		       85 09		      sta	COLUBK
      0  f222					      WYSNC_REPEATER	1
      1  f222				   .LINES_TO_WAIT SET	1
      2  f222					      REPEAT	.LINES_TO_WAIT
      3  f222		       85 02		      sta	WSYNC
      4  f224					      REPEND
    494  f224							;;;;;;;;;;;;;;;;;;;;;;;
    495  f224
    496  f224		       a9 01		      lda	#%00000001
    497  f226		       85 0a		      sta	CTRLPF
    498  f228		       a9 02		      lda	#CONS_PLAYERZONE_PF
    499  f22a		       85 08		      sta	COLUPF
    500  f22c
    501  f22c		       a9 f0		      lda	#%11110000
    502  f22e		       85 0d		      sta	PF0
    503  f230		       a9 f9		      lda	#%11111001
    504  f232		       85 0e		      sta	PF1
    505  f234		       a9 73		      lda	#%01110011
    506  f236		       85 0f		      sta	PF2
    507  f238
    508  f238		       a5 8d		      lda	Player0_Color
    509  f23a		       85 06		      sta	COLUP0
    510  f23c
    511  f23c		       a9 03		      lda	#CONS_PLAYERZ_ROWS
    512  f23e		       85 91		      sta	LoopIdx
    513  f240		       a2 00		      ldx	#00
    514  f242				   Kernal_PlayerZone
    515  f242		       a0 08		      ldy	#CONS_PLAYERZ_ROW_HEIGHT
    516  f244
    517  f244				   Kernal_PlayerZone.Rows
    518  f244		       85 02		      sta	WSYNC
    519  f246		       bd 67 f6 	      lda	PlayerZone_Colors,x	; TODO -- from color data table
    520  f249		       85 09		      sta	COLUBK
    521  f24b
    522  f24b
    523  f24b				   Kernal_PlayerZone.PlayerLogic.ComparePlayer
    524  f24b		       a5 8c		      lda	Player0Pos_Row
    525  f24d		       c5 91		      cmp	LoopIdx
    526  f24f		       d0 05		      bne	Kernal_PlayerZone.SkipPlayer
    527  f251				   Kernal_PlayerZone.DrawPlayer
    528  f251		       a9 ff		      lda	#$FF
    529  f253		       4c 58 f2 	      jmp	Kernal_PlayerZone.EndPlayer
    530  f256				   Kernal_PlayerZone.SkipPlayer
    531  f256		       a9 00		      lda	#$00
    532  f258				   Kernal_PlayerZone.EndPlayer
    533  f258		       85 1b		      sta	GRP0
    534  f25a		       88		      dey
    535  f25b		       d0 e7		      bne	Kernal_PlayerZone.Rows
    536  f25d		       85 02		      sta	WSYNC
    537  f25f		       a9 00		      lda	#CONS_COLOR_BLACK
    538  f261		       85 09		      sta	COLUBK
    539  f263		       a9 00		      lda	#$00
    540  f265		       85 1b		      sta	GRP0
    541  f267
    542  f267		       e8		      inx
    543  f268		       85 02		      sta	WSYNC
    544  f26a
    545  f26a		       c6 91		      dec	LoopIdx
    546  f26c		       d0 d4		      bne	Kernal_PlayerZone
    547  f26e							;;;;;;;;;;;;;;;;;;;;;;;
    548  f26e		       85 02		      sta	WSYNC
    549  f270
    550  f270		       a9 00		      lda	#%00000000
    551  f272		       85 0d		      sta	PF0
    552  f274		       a9 18		      lda	#%00011000
    553  f276		       85 0e		      sta	PF1
    554  f278		       a9 86		      lda	#%10000110
    555  f27a		       85 0f		      sta	PF2
    556  f27c
    557  f27c		       a9 00		      lda	#CONS_COLOR_BLACK
    558  f27e		       85 09		      sta	COLUBK
      0  f280					      WYSNC_REPEATER	1
      1  f280				   .LINES_TO_WAIT SET	1
      2  f280					      REPEAT	.LINES_TO_WAIT
      3  f280		       85 02		      sta	WSYNC
      4  f282					      REPEND
    560  f282
    561  f282		       a5 88		      lda	CliffColor
    562  f284		       85 09		      sta	COLUBK
    563  f286
    564  f286		       a9 00		      lda	#CONS_COLOR_BLACK
    565  f288		       85 08		      sta	COLUPF
    566  f28a		       a0 05		      ldy	#CONS_CLIFF_HEIGHT
    567  f28c				   Kernal_Cliff_Bot
    568  f28c		       a5 88		      lda	CliffColor
    569  f28e		       85 09		      sta	COLUBK
    570  f290		       18		      clc
    571  f291		       69 01		      adc	#01
    572  f293		       85 88		      sta	CliffColor
    573  f295		       a2 02		      ldx	#CONS_CLIFF_SHADING_GAP
    574  f297				   Kernal_Cliff_Bot.ColorBandLoop
    575  f297		       85 02		      sta	WSYNC
    576  f299		       ca		      dex
    577  f29a		       d0 fb		      bne	Kernal_Cliff_Bot.ColorBandLoop
    578  f29c		       88		      dey
    579  f29d		       d0 ed		      bne	Kernal_Cliff_Bot
    580  f29f		       a9 00		      lda	#CONS_COLOR_BLACK
    581  f2a1		       85 09		      sta	COLUBK
      0  f2a3					      WYSNC_REPEATER	1
      1  f2a3				   .LINES_TO_WAIT SET	1
      2  f2a3					      REPEAT	.LINES_TO_WAIT
      3  f2a3		       85 02		      sta	WSYNC
      4  f2a5					      REPEND
    583  f2a5							;;;;;;;;;;;;;;;;;;;;;;;
    584  f2a5		       a9 01		      lda	#%00000001
    585  f2a7		       85 0a		      sta	CTRLPF
    586  f2a9		       a9 0c		      lda	#CONS_GRID_BRICKS_BG
    587  f2ab		       85 08		      sta	COLUPF
    588  f2ad
    589  f2ad		       a9 f0		      lda	#%11110000
    590  f2af		       85 0d		      sta	PF0
    591  f2b1		       a9 e7		      lda	#%11100111
    592  f2b3		       85 0e		      sta	PF1
    593  f2b5		       a9 79		      lda	#%01111001
    594  f2b7		       85 0f		      sta	PF2
    595  f2b9
    596  f2b9		       a9 00		      lda	#$00
    597  f2bb		       a2 00		      ldx	#00
    598  f2bd		       85 02		      sta	WSYNC
    599  f2bf				   Kernal_BotBlocks
    600  f2bf							;TODO -- honsetly do I need this? Could just try to use the X value!
    601  f2bf		       a0 04		      ldy	#CONS_BQ_VERT_ROW_HEIGHT
    602  f2c1				   Kernal_BotBlocks.Rows
    603  f2c1		       85 02		      sta	WSYNC
    604  f2c3
    605  f2c3		       b5 a8		      lda	BlockQueue_Bot_0,x
    606  f2c5		       85 09		      sta	COLUBK
    607  f2c7
      0  f2c7					      SLEEP	23
      1  f2c7				   .CYCLES    SET	23
      2  f2c7
      3  f2c7				  -	      IF	.CYCLES < 2
      4  f2c7				  -	      ECHO	"MACRO ERROR: 'SLEEP': Duration must be > 1"
      5  f2c7				  -	      ERR
      6  f2c7					      ENDIF
      7  f2c7
      8  f2c7					      IF	.CYCLES & 1
      9  f2c7					      IFNCONST	NO_ILLEGAL_OPCODES
     10  f2c7		       04 00		      nop	0
     11  f2c9				  -	      ELSE
     12  f2c9				  -	      bit	VSYNC
     13  f2c9					      ENDIF
     14  f2c9				   .CYCLES    SET	.CYCLES - 3
     15  f2c9					      ENDIF
     16  f2c9
     17  f2c9					      REPEAT	.CYCLES / 2
     18  f2c9		       ea		      nop
     17  f2c9					      REPEND
     18  f2ca		       ea		      nop
     17  f2ca					      REPEND
     18  f2cb		       ea		      nop
     17  f2cb					      REPEND
     18  f2cc		       ea		      nop
     17  f2cc					      REPEND
     18  f2cd		       ea		      nop
     17  f2cd					      REPEND
     18  f2ce		       ea		      nop
     17  f2ce					      REPEND
     18  f2cf		       ea		      nop
     17  f2cf					      REPEND
     18  f2d0		       ea		      nop
     17  f2d0					      REPEND
     18  f2d1		       ea		      nop
     17  f2d1					      REPEND
     18  f2d2		       ea		      nop
     19  f2d3					      REPEND
    609  f2d3
    610  f2d3		       b5 b8		      lda	BlockQueue_Bot_1,x
    611  f2d5		       85 09		      sta	COLUBK
    612  f2d7
    613  f2d7		       b5 c8		      lda	BlockQueue_Bot_2,x
    614  f2d9		       85 09		      sta	COLUBK
    615  f2db
    616  f2db		       b5 d8		      lda	BlockQueue_Bot_3,x
    617  f2dd		       85 09		      sta	COLUBK
    618  f2df
    619  f2df		       ea		      nop
    620  f2e0
    621  f2e0		       b5 e8		      lda	BlockQueue_Bot_4,x
    622  f2e2		       85 09		      sta	COLUBK
    623  f2e4
    624  f2e4		       88		      dey
    625  f2e5		       d0 da		      bne	Kernal_BotBlocks.Rows
    626  f2e7
    627  f2e7		       ea		      nop
    628  f2e8		       a9 00		      lda	#CONS_COLOR_BLACK
    629  f2ea		       85 09		      sta	COLUBK
    630  f2ec		       85 02		      sta	WSYNC
    631  f2ee
    632  f2ee		       e8		      inx
    633  f2ef		       8a		      txa
    634  f2f0		       c9 06		      cmp	#CONS_BQ_VERT_ROWS
    635  f2f2		       30 cb		      bmi	Kernal_BotBlocks
    636  f2f4							;;;;;;;;;;;;;;;;;;;;;;;;;;;;;;;;;;;;;;;;;;;;;;;;;;;;;;;;;;;;;;;
    637  f2f4				   Kernal_PreTime
    638  f2f4		       a9 00		      lda	#%00000000
    639  f2f6		       85 0d		      sta	PF0
    640  f2f8		       a9 00		      lda	#%00000000
    641  f2fa		       85 0e		      sta	PF1
    642  f2fc		       a9 00		      lda	#%00000000
    643  f2fe		       85 0f		      sta	PF2
      0  f300					      WYSNC_REPEATER	2
      1  f300				   .LINES_TO_WAIT SET	2
      2  f300					      REPEAT	.LINES_TO_WAIT
      3  f300		       85 02		      sta	WSYNC
      2  f300					      REPEND
      3  f302		       85 02		      sta	WSYNC
      4  f304					      REPEND
    645  f304		       a9 64		      lda	#CONS_TIME_BG
    646  f306		       85 09		      sta	COLUBK
    647  f308				   Kernal_PreTime.getNibbles
    648  f308							; -- Always set the digit right nibble, we'll probably do this LATER in the code
    649  f308		       a5 f7		      lda	Time
    650  f30a		       29 0f		      and	#$0F
    651  f30c		       85 f7		      sta	Time
    652  f30e		       a5 f8		      lda	Time+1
    653  f310		       29 0f		      and	#$0F
    654  f312		       85 f8		      sta	Time+1
    655  f314		       a5 f9		      lda	Time+2
    656  f316		       29 0f		      and	#$0F
    657  f318		       85 f9		      sta	Time+2
    658  f31a							;-- loop over EVERY digit
    659  f31a		       a2 02		      ldx	#02
    660  f31c				   Kernal_PreTime.setNumAddresses
    661  f31c		       b4 f7		      ldy	Time,x
    662  f31e		       18		      clc
    663  f31f		       a9 05		      lda	#$05	; 0 ALWAYS starts at 5
    664  f321				   Kernal_PreTime.loopaddress
    665  f321		       88		      dey
    666  f322		       30 05		      bmi	Kernal_PreTime.addTempByte
    667  f324		       69 06		      adc	#$06
    668  f326		       4c 21 f3 	      jmp	Kernal_PreTime.loopaddress
    669  f329				   Kernal_PreTime.addTempByte
    670  f329		       95 f0		      sta	NumberIdx,x
    671  f32b		       ca		      dex
    672  f32c		       10 ee		      bpl	Kernal_PreTime.setNumAddresses
    673  f32e							;----------------
    674  f32e		       a0 06		      ldy	#$06
    675  f330				   Kernal_Time
      0  f330					      WYSNC_REPEATER	1
      1  f330				   .LINES_TO_WAIT SET	1
      2  f330					      REPEAT	.LINES_TO_WAIT
      3  f330		       85 02		      sta	WSYNC
      4  f332					      REPEND
      0  f332					      SLEEP	23
      1  f332				   .CYCLES    SET	23
      2  f332
      3  f332				  -	      IF	.CYCLES < 2
      4  f332				  -	      ECHO	"MACRO ERROR: 'SLEEP': Duration must be > 1"
      5  f332				  -	      ERR
      6  f332					      ENDIF
      7  f332
      8  f332					      IF	.CYCLES & 1
      9  f332					      IFNCONST	NO_ILLEGAL_OPCODES
     10  f332		       04 00		      nop	0
     11  f334				  -	      ELSE
     12  f334				  -	      bit	VSYNC
     13  f334					      ENDIF
     14  f334				   .CYCLES    SET	.CYCLES - 3
     15  f334					      ENDIF
     16  f334
     17  f334					      REPEAT	.CYCLES / 2
     18  f334		       ea		      nop
     17  f334					      REPEND
     18  f335		       ea		      nop
     17  f335					      REPEND
     18  f336		       ea		      nop
     17  f336					      REPEND
     18  f337		       ea		      nop
     17  f337					      REPEND
     18  f338		       ea		      nop
     17  f338					      REPEND
     18  f339		       ea		      nop
     17  f339					      REPEND
     18  f33a		       ea		      nop
     17  f33a					      REPEND
     18  f33b		       ea		      nop
     17  f33b					      REPEND
     18  f33c		       ea		      nop
     17  f33c					      REPEND
     18  f33d		       ea		      nop
     19  f33e					      REPEND
    678  f33e		       a6 f2		      ldx	NumberIdx+2
    679  f340		       bd 81 f6 	      lda	Score_Numbers,x
    680  f343		       85 1c		      sta	GRP1
    681  f345
    682  f345		       a6 f1		      ldx	NumberIdx+1
    683  f347		       bd 81 f6 	      lda	Score_Numbers,x
    684  f34a		       85 1c		      sta	GRP1
    685  f34c
    686  f34c		       a6 f0		      ldx	NumberIdx
    687  f34e		       bd 81 f6 	      lda	Score_Numbers,x
    688  f351		       85 1c		      sta	GRP1
    689  f353
    690  f353		       c6 f0		      dec	NumberIdx
    691  f355		       c6 f1		      dec	NumberIdx+1
    692  f357		       c6 f2		      dec	NumberIdx+2
    693  f359
    694  f359		       a9 00		      lda	#$00
    695  f35b		       85 1c		      sta	GRP1
      0  f35d					      WYSNC_REPEATER	1!
      1  f35d				   .LINES_TO_WAIT SET	1!
      2  f35d					      REPEAT	.LINES_TO_WAIT
      3  f35d		       85 02		      sta	WSYNC
      4  f35f					      REPEND
    697  f35f
    698  f35f		       88		      dey
    699  f360		       d0 ce		      bne	Kernal_Time
    700  f362				   Kernal_Time.lowerBuffer
      0  f362					      WYSNC_REPEATER	3
      1  f362				   .LINES_TO_WAIT SET	3
      2  f362					      REPEAT	.LINES_TO_WAIT
      3  f362		       85 02		      sta	WSYNC
      2  f362					      REPEND
      3  f364		       85 02		      sta	WSYNC
      2  f364					      REPEND
      3  f366		       85 02		      sta	WSYNC
      4  f368					      REPEND
    702  f368							;;;;;;;;;;;;;;;;;;;;;;;;;;;;;;;;;;;;;;;;;;;;;;;;;;;;;;;;;;;;;;;
    703  f368				   Kernal_StopVisuals
    704  f368		       a9 00		      lda	#00
    705  f36a		       85 1b		      sta	GRP0
    706  f36c		       85 1c		      sta	GRP1
    707  f36e		       85 1d		      sta	ENAM0
    708  f370		       85 1e		      sta	ENAM1
    709  f372
    710  f372		       a9 00		      lda	#CONS_COLOR_BLACK
    711  f374		       85 09		      sta	COLUBK
    712  f376		       85 08		      sta	COLUPF
    713  f378
    714  f378		       a9 00		      lda	#%00000000
    715  f37a		       85 0d		      sta	PF0
    716  f37c		       a9 00		      lda	#%00000000
    717  f37e		       85 0e		      sta	PF1
    718  f380		       a9 00		      lda	#%00000000
    719  f382		       85 0f		      sta	PF2
    720  f384
    721  f384							;;;;;;;;;;;;;;;;;;;;;;;;;;;;;;;;;;;;;;;;;;;;;;;;;;;;;;;;;;;;;;;
    722  f384				   Kernal_Inputs
    723  f384		       20 54 f4 	      jsr	ReadJoystick
    724  f387		       20 40 f4 	      jsr	setBlockQueueIdx	; TODO -- maybe move this into that 10 line gap we have after drawing top blocks?
    725  f38a							;;;;;;;;;;;;;;;;;;;;;;;;;;;;;;;;;;;;;;;;;;;;;;;;;;;;;;;;;;;;;;;
    726  f38a				   Kernal_DecrementTimer
    727  f38a		       c6 fa		      dec	TimeDec
    728  f38c		       d0 2f		      bne	Kernal_WaitTilEnd
    729  f38e		       a5 0a		      lda	CONS_TIMER_FRAMES_PER_SEC
    730  f390		       85 fa		      sta	TimeDec
    731  f392				   Kernal_DecrementTimer.ActualDec
    732  f392		       f8		      sed
    733  f393		       c6 f7		      dec	Time
    734  f395		       10 14		      bpl	Kernal_ClearMath
    735  f397		       a9 09		      lda	#$09
    736  f399		       85 f7		      sta	Time
    737  f39b		       c6 f8		      dec	Time+1
    738  f39d		       10 0c		      bpl	Kernal_ClearMath
    739  f39f		       a9 09		      lda	#$09
    740  f3a1		       85 f8		      sta	Time+1
    741  f3a3		       c6 f9		      dec	Time+2
    742  f3a5		       10 04		      bpl	Kernal_ClearMath
    743  f3a7		       a9 09		      lda	#$09
    744  f3a9		       85 f9		      sta	Time+2
    745  f3ab				   Kernal_ClearMath
    746  f3ab		       d8		      cld
    747  f3ac				   Kernal_DecBlockCounter
    748  f3ac		       c6 83		      dec	NextColorCounter
    749  f3ae		       d0 0d		      bne	Kernal_WaitTilEnd
    750  f3b0		       a9 0a		      lda	#10
    751  f3b2		       85 83		      sta	NextColorCounter
    752  f3b4		       20 62 f5 	      jsr	GetRandomColor
    753  f3b7		       20 7b f5 	      jsr	GetRandomQueue
    754  f3ba		       20 2f f5 	      jsr	setRandomBlock
    755  f3bd							;;;;;;;;;;;;;;;;;;;;;;;;;;;;;;;;;;;;;;;;;;;;;;;;;;;;;;;;;;;;;;;
    756  f3bd				   Kernal_WaitTilEnd
    757  f3bd		       ea		      nop		; at: 199 of 233 lines by this point, dont cross! note in PIA will be 232 if right.
      0  f3be					      TIMER_WAIT
      1  f3be				   .waittimer
      2  f3be		       ad 84 02 	      lda	INTIM
      3  f3c1		       d0 fb		      bne	.waittimer
      4  f3c3		       85 02		      sta	WSYNC
    759  f3c5							;;;;;;;;;;;;;;;;;;;;;;;;;;;;;;;;;;;;;;;;;;;;;;;;;;;;;;;;;;;;;;;
    760  f3c5							; 29 lines of overscan
    761  f3c5				   Kernal_Overscan
      0  f3c5					      TIMER_SETUP	29
      1  f3c5				   .lines     SET	29
      2  f3c5				   .cycles    SET	((.lines * 76) - 13)
      3  f3c5
      4  f3c5
      5  f3c5				  -	      if	(.cycles % 64) < 12
      6  f3c5				  -	      lda	#(.cycles / 64) - 1
      7  f3c5				  -	      sta	WSYNC
      8  f3c5					      else
      9  f3c5		       a9 22		      lda	#(.cycles / 64)
     10  f3c7		       85 02		      sta	WSYNC
     11  f3c9					      endif
     12  f3c9		       8d 96 02 	      sta	TIM64T
    763  f3cc		       ea		      nop
      0  f3cd					      TIMER_WAIT
      1  f3cd				   .waittimer
      2  f3cd		       ad 84 02 	      lda	INTIM
      3  f3d0		       d0 fb		      bne	.waittimer
      4  f3d2		       85 02		      sta	WSYNC
    765  f3d4							; total = 262 lines, go to next frame
    766  f3d4		       4c ca f0 	      jmp	NextFrame
    767  f3d7
    768  f3d7							;;;;;;;;;;;;;;;;;;;;;;;;;;;;;;;;;;;;;;;;;;;;;;;;;;;;;;;;;;;;;;;
    769  f3d7							;;;;;;;;;;;;;;;;;;;;;;;;;;;;;;;;;;;;;;;;;;;;;;;;;;;;;;;;;;;;;;;
    770  f3d7							;;;;;;;;;;;;;;;;;;;;;;;;;;;;;;;;;;;;;;;;;;;;;;;;;;;;;;;;;;;;;;;
    771  f3d7							; Subroutines
    772  f3d7				   SetPositionMissles
    773  f3d7		       85 02		      sta	WSYNC
    774  f3d9		       a9 2e		      lda	#46	;#46
    775  f3db		       a2 02		      ldx	#2	; player 0 Missle
    776  f3dd		       20 ea f3 	      jsr	SetHorizPos
    777  f3e0
    778  f3e0		       85 02		      sta	WSYNC
    779  f3e2		       a9 3e		      lda	#62
    780  f3e4		       a2 03		      ldx	#3	; player 1 Missle
    781  f3e6		       20 ea f3 	      jsr	SetHorizPos
    782  f3e9		       60		      rts
    783  f3ea							;;;;;;;;;;;;;;;;;;;;;;;    
    784  f3ea							; A = X coordinate
    785  f3ea							; X = player number (0 or 1)
    786  f3ea				   SetHorizPos
    787  f3ea		       85 02		      sta	WSYNC	; start a new line
    788  f3ec		       38		      sec		; set carry flag
    789  f3ed				   SetHorizPos.1
    790  f3ed		       e9 0f		      sbc	#15	; subtract 15
    791  f3ef		       b0 fc		      bcs	SetHorizPos.1	; branch until negative
    792  f3f1		       49 07		      eor	#7	; calculate fine offset
    793  f3f3		       0a		      asl
    794  f3f4		       0a		      asl
    795  f3f5		       0a		      asl
    796  f3f6		       0a		      asl
    797  f3f7		       95 10		      sta	RESP0,x	; fix coarse position
    798  f3f9		       95 20		      sta	HMP0,x	; set fine offset
    799  f3fb		       85 02		      sta	WSYNC
    800  f3fd		       85 2a		      sta	HMOVE	; apply the previous fine position(s)
    801  f3ff		       85 2b		      sta	HMCLR	; reset the old horizontal position(s)
    802  f401		       60		      rts		; return to caller
    803  f402							;;;;;;;;;;;;;;;;;;;;;;;    
    804  f402							; 
    805  f402							; 
    806  f402				   handleFireButton
    807  f402							; -- we need to be able to go to the 
    808  f402		       a5 8c		      lda	Player0Pos_Row
    809  f404		       c9 02		      cmp	#$02
    810  f406		       f0 37		      beq	.handleFireButton.NoAction
    811  f408		       a4 97		      ldy	BlockQueue_Idx
    812  f40a		       b1 95		      lda	(BlockQueue_Addr_Ptr),y
    813  f40c		       85 93		      sta	BlockQueue_Data_Ptr
    814  f40e		       a9 00		      lda	#>00
    815  f410		       85 94		      sta	BlockQueue_Data_Ptr+1
    816  f412
    817  f412		       a0 00		      ldy	#00
    818  f414				   .handleFireButton.FindRowMem
    819  f414		       98		      tya
    820  f415		       c9 06		      cmp	#CONS_BQ_VERT_ROW_HEIGHT+2	; if we are at our limit, goto the END
    821  f417		       f0 26		      beq	.handleFireButton.NoAction
    822  f419							; --- now look at blocks
    823  f419		       a8		      tay
    824  f41a		       b1 93		      lda	(BlockQueue_Data_Ptr),y
    825  f41c		       c9 00		      cmp	#CONS_COLOR_BLACK	; ----------	 is empty
    826  f41e		       f0 0e		      beq	.handleFireButton.gotoNextBlock
    827  f420		       c5 8d		      cmp	Player0_Color	; ----------	 is player color
    828  f422		       f0 03		      beq	.handleFireButton.MatchingColor
    829  f424		       4c 33 f4 	      jmp	.handleFireButton.swapWithBlock
    830  f427				   .handleFireButton.MatchingColor
    831  f427							; here we will loop through the columns blacking out all of the
    832  f427		       a9 00		      lda	#CONS_COLOR_BLACK
    833  f429		       91 93		      sta	(BlockQueue_Data_Ptr),y
    834  f42b							; now do some score
    835  f42b		       20 eb f4 	      jsr	.addScore
    836  f42e				   .handleFireButton.gotoNextBlock
    837  f42e		       c8		      iny
    838  f42f		       c9 00		      cmp	#$00	; is our accumulator 0?
    839  f431		       b0 e1		      bcs	.handleFireButton.FindRowMem
    840  f433				   .handleFireButton.swapWithBlock
    841  f433		       b1 93		      lda	(BlockQueue_Data_Ptr),y
    842  f435		       85 80		      sta	TempByte
    843  f437		       a5 8d		      lda	Player0_Color
    844  f439		       91 93		      sta	(BlockQueue_Data_Ptr),y
    845  f43b		       a5 80		      lda	TempByte
    846  f43d		       85 8d		      sta	Player0_Color
    847  f43f				   .handleFireButton.NoAction
    848  f43f		       60		      rts
    849  f440							;;;;;;;;;;;;;;;;;;;;;;;    
    850  f440							; 
    851  f440							; 
    852  f440				   setBlockQueueIdx
    853  f440							; we will set the BlockQueue_Idx to point to the proper index
    854  f440							;lda Player0Pos_Col ; maybe lessen this by ALWAYS adding this to our blockqueue?
    855  f440							;sta BlockQueue_Idx
    856  f440							; rows count from bottom UP apparently! starting at 1. my bad?
    857  f440		       a0 00		      ldy	#$00
    858  f442		       a5 8c		      lda	Player0Pos_Row
    859  f444		       c9 01		      cmp	#01
    860  f446		       d0 05		      bne	.setBlockQueueIdx.noRowChange
    861  f448					      REPEAT	CONS_BQ_VERT_COLS
    862  f448		       c8		      iny
    861  f448					      REPEND
    862  f449		       c8		      iny
    861  f449					      REPEND
    862  f44a		       c8		      iny
    861  f44a					      REPEND
    862  f44b		       c8		      iny
    861  f44b					      REPEND
    862  f44c		       c8		      iny
    863  f44d					      REPEND
    864  f44d				   .setBlockQueueIdx.noRowChange
    865  f44d		       98		      tya
    866  f44e		       18		      clc
    867  f44f		       65 8b		      adc	Player0Pos_Col
    868  f451		       85 97		      sta	BlockQueue_Idx
    869  f453		       60		      rts
    870  f454							;;;;;;;;;;;;;;;;;;;;;;;;;;;;;;;;;;;;;;;;;;;;;;;;;;;;;;;;;;;;;;;
    871  f454							;-----------------------------------------
    872  f454							; SWCHA -- directional register
    873  f454							; #%10000000 -- P1 Right
    874  f454							; #%01000000 -- P1 left
    875  f454							; #%00100000 -- P1 down
    876  f454							; #%00010000 -- P1 up
    877  f454							; #%00001000 -- P0 Right
    878  f454							; #%00000100 -- P0 left
    879  f454							; #%00000010 -- P0 down
    880  f454							; #%00000001 -- P0 up
    881  f454				   ReadJoystick
    882  f454		       a9 00		      lda	#%00000000
    883  f456		       85 8e		      sta	Player0_InputSettings	; Set current input state to 0
    884  f458				   .ReadJoystick
    885  f458							; ----------------------
    886  f458							; LEFT
    887  f458							; ----------------------
    888  f458		       a9 40		      lda	#%01000000
    889  f45a		       2c 80 02 	      bit	SWCHA
    890  f45d		       d0 06		      bne	.checkRight
    891  f45f
    892  f45f		       a5 8e		      lda	Player0_InputSettings
    893  f461		       09 01		      ora	#%00000001
    894  f463		       85 8e		      sta	Player0_InputSettings
    895  f465
    896  f465							; ----------------------
    897  f465							; RIGHT
    898  f465							; ----------------------
    899  f465				   .checkRight
    900  f465		       a9 80		      lda	#%10000000
    901  f467		       2c 80 02 	      bit	SWCHA
    902  f46a		       d0 06		      bne	.checkUp
    903  f46c
    904  f46c		       a5 8e		      lda	Player0_InputSettings
    905  f46e		       09 02		      ora	#%00000010
    906  f470		       85 8e		      sta	Player0_InputSettings
    907  f472
    908  f472							; ----------------------
    909  f472							; UP
    910  f472							; ----------------------
    911  f472				   .checkUp
    912  f472		       a9 10		      lda	#%00010000
    913  f474		       2c 80 02 	      bit	SWCHA
    914  f477		       d0 06		      bne	.checkDown
    915  f479
    916  f479		       a5 8e		      lda	Player0_InputSettings
    917  f47b		       09 08		      ora	#%00001000
    918  f47d		       85 8e		      sta	Player0_InputSettings
    919  f47f
    920  f47f							; ----------------------
    921  f47f							; DOWN
    922  f47f							; ----------------------
    923  f47f				   .checkDown
    924  f47f		       a9 20		      lda	#%00100000
    925  f481		       2c 80 02 	      bit	SWCHA
    926  f484		       d0 06		      bne	.checkbutton
    927  f486
    928  f486		       a5 8e		      lda	Player0_InputSettings
    929  f488		       09 10		      ora	#%00010000
    930  f48a		       85 8e		      sta	Player0_InputSettings
    931  f48c
    932  f48c				   .checkbutton
    933  f48c		       24 0c		      bit	INPT4
    934  f48e		       30 06		      bmi	.determineJoystickAction	; released
    935  f490		       a5 8e		      lda	Player0_InputSettings
    936  f492		       09 04		      ora	#%00000100
    937  f494		       85 8e		      sta	Player0_InputSettings
    938  f496
    939  f496				   .determineJoystickAction
    940  f496		       a5 8e		      lda	Player0_InputSettings
    941  f498		       d0 4c		      bne	.storeCurrentInput
    942  f49a		       a5 8f		      lda	Player0_InputSettings+1
    943  f49c		       f0 48		      beq	.storeCurrentInput
    944  f49e
    945  f49e		       aa		      tax
    946  f49f							; Fire on release
    947  f49f		       29 04		      and	#%00000100
    948  f4a1		       d0 40		      bne	.fireOnRelease
    949  f4a3
    950  f4a3							; LEFT RELEASE
    951  f4a3		       8a		      txa
    952  f4a4		       29 01		      and	#%00000001
    953  f4a6		       d0 0f		      bne	.leftOnRelease
    954  f4a8
    955  f4a8							; RIGHT RELEASE
    956  f4a8		       8a		      txa
    957  f4a9		       29 02		      and	#%00000010
    958  f4ab		       d0 15		      bne	.rightOnRelease
    959  f4ad
    960  f4ad							; UP RELEASE
    961  f4ad		       8a		      txa
    962  f4ae		       29 08		      and	#%00001000
    963  f4b0		       d0 1b		      bne	.upOnRelease
    964  f4b2
    965  f4b2							; DOWN RELEASE
    966  f4b2		       8a		      txa
    967  f4b3		       29 10		      and	#%00010000
    968  f4b5		       d0 21		      bne	.downOnRelease
    969  f4b7				   .leftOnRelease
    970  f4b7		       a5 8b		      lda	Player0Pos_Col
    971  f4b9		       c9 00		      cmp	#$00
    972  f4bb		       f0 29		      beq	.storeCurrentInput
    973  f4bd		       c6 8b		      dec	Player0Pos_Col
    974  f4bf							;jsr .subtractScore ; TODO -- we want to implement NEGATIVE scores.
    975  f4bf		       4c e6 f4 	      jmp	.storeCurrentInput
    976  f4c2				   .rightOnRelease
    977  f4c2		       a5 8b		      lda	Player0Pos_Col
    978  f4c4		       c9 04		      cmp	#CONS_PLAYERZ_COLS-2
    979  f4c6		       f0 1e		      beq	.storeCurrentInput
    980  f4c8		       e6 8b		      inc	Player0Pos_Col
    981  f4ca		       4c e6 f4 	      jmp	.storeCurrentInput
    982  f4cd				   .upOnRelease
    983  f4cd		       a5 8c		      lda	Player0Pos_Row
    984  f4cf		       c9 03		      cmp	#CONS_PLAYERZ_ROWS
    985  f4d1		       f0 13		      beq	.storeCurrentInput
    986  f4d3		       e6 8c		      inc	Player0Pos_Row
    987  f4d5		       4c e6 f4 	      jmp	.storeCurrentInput
    988  f4d8				   .downOnRelease
    989  f4d8		       a5 8c		      lda	Player0Pos_Row
    990  f4da		       c9 01		      cmp	#$01
    991  f4dc		       f0 08		      beq	.storeCurrentInput
    992  f4de		       c6 8c		      dec	Player0Pos_Row
    993  f4e0		       4c e6 f4 	      jmp	.storeCurrentInput
    994  f4e3				   .fireOnRelease
    995  f4e3		       20 02 f4 	      jsr	handleFireButton
    996  f4e6				   .storeCurrentInput
    997  f4e6		       a5 8e		      lda	Player0_InputSettings
    998  f4e8		       85 8f		      sta	Player0_InputSettings+1
    999  f4ea				   .endJoystickCheck
   1000  f4ea		       60		      rts
   1001  f4eb							;;;;;;;;;;;;;;;;;;;;;;;    
   1002  f4eb							; 
   1003  f4eb							; 
   1004  f4eb				   .addScore
   1005  f4eb		       85 80		      sta	TempByte
   1006  f4ed		       f8		      sed
   1007  f4ee		       18		      clc
   1008  f4ef		       a5 f4		      lda	Score
   1009  f4f1		       69 01		      adc	#01
   1010  f4f3		       85 f4		      sta	Score
   1011  f4f5		       c9 10		      cmp	#$10
   1012  f4f7		       d0 14		      bne	.addScore.end
   1013  f4f9		       18		      clc
   1014  f4fa		       a5 f5		      lda	Score+1
   1015  f4fc		       69 01		      adc	#$01
   1016  f4fe		       85 f5		      sta	Score+1
   1017  f500		       c9 10		      cmp	#$10
   1018  f502		       d0 09		      bne	.addScore.end
   1019  f504		       18		      clc
   1020  f505		       a5 f6		      lda	Score+2
   1021  f507		       69 01		      adc	#$01
   1022  f509		       85 f6		      sta	Score+2
   1023  f50b		       a5 80		      lda	TempByte
   1024  f50d				   .addScore.end
   1025  f50d		       d8		      cld		; turn off decimal math
   1026  f50e		       60		      rts
   1027  f50f							;;;;;;;;;;;;;;;;;;;;;;;    
   1028  f50f							; 
   1029  f50f							;     
   1030  f50f				   .subtractScore
   1031  f50f		       85 80		      sta	TempByte
   1032  f511		       f8		      sed
   1033  f512		       38		      sec
   1034  f513		       a5 f4		      lda	Score
   1035  f515		       e9 01		      sbc	#01
   1036  f517		       85 f4		      sta	Score
   1037  f519		       10 12		      bpl	.subtractScore.end
   1038  f51b		       38		      sec
   1039  f51c		       a5 f5		      lda	Score+1
   1040  f51e		       e9 01		      sbc	#$01
   1041  f520		       85 f5		      sta	Score+1
   1042  f522		       10 09		      bpl	.subtractScore.end
   1043  f524		       38		      sec
   1044  f525		       a5 f6		      lda	Score+2
   1045  f527		       e9 01		      sbc	#$01
   1046  f529		       85 f6		      sta	Score+2
   1047  f52b		       a5 80		      lda	TempByte
   1048  f52d				   .subtractScore.end
   1049  f52d		       d8		      cld		; turn off decimal math
   1050  f52e		       60		      rts
   1051  f52f							;;;;;;;;;;;;;;;;;;;;;;;    
   1052  f52f							; lets use this instead. the clankers aren't super great at this.
   1053  f52f							; https://www.randomterrain.com/atari-2600-lets-make-a-game-spiceware-10.html
   1054  f52f				   setRandomBlock
   1055  f52f		       a4 85		      ldy	NextColumn
   1056  f531		       b1 95		      lda	(BlockQueue_Addr_Ptr),y
   1057  f533		       85 93		      sta	BlockQueue_Data_Ptr
   1058  f535		       a9 00		      lda	#>00
   1059  f537		       85 94		      sta	BlockQueue_Data_Ptr+1
   1060  f539		       a0 00		      ldy	#$00
   1061  f53b				   setRandomBlock.testIfFull
   1062  f53b		       b1 93		      lda	(BlockQueue_Data_Ptr),y
   1063  f53d		       c9 00		      cmp	#CONS_COLOR_BLACK
   1064  f53f		       f0 07		      beq	setRandomBlock.shiftBlocks
   1065  f541		       a9 01		      lda	#$01
   1066  f543		       85 90		      sta	GameState
   1067  f545		       4c 0f f0 	      jmp	BranchOnGamestate
   1068  f548				   setRandomBlock.shiftBlocks
   1069  f548		       98		      tya
   1070  f549		       c9 05		      cmp	#CONS_BQ_VERT_ROWS-1
   1071  f54b		       f0 0b		      beq	setRandomBlock.shiftBlocks.setNextColor
   1072  f54d		       a8		      tay
   1073  f54e		       c8		      iny
   1074  f54f		       b1 93		      lda	(BlockQueue_Data_Ptr),y
   1075  f551		       88		      dey
   1076  f552		       91 93		      sta	(BlockQueue_Data_Ptr),y
   1077  f554		       c8		      iny
   1078  f555		       4c 48 f5 	      jmp	setRandomBlock.shiftBlocks
   1079  f558				   setRandomBlock.shiftBlocks.setNextColor
   1080  f558		       a6 84		      ldx	NextColor
   1081  f55a		       bd 61 f6 	      lda	Colors,x
   1082  f55d		       a0 05		      ldy	#CONS_BQ_VERT_ROWS-1
   1083  f55f		       91 93		      sta	(BlockQueue_Data_Ptr),y
   1084  f561		       60		      rts
   1085  f562							;;;;;;;;;;;;;;;;;;;;;;;
   1086  f562							; GetRandomColor
   1087  f562							; Generates a pseudo-random value using a Linear Feedback Shift Register
   1088  f562							; Returns: A = random value, NextColor = random value - 1 (for 0-6 range)
   1089  f562							; Modifies: Random variable
   1090  f562				   GetRandomColor
   1091  f562		       a5 87		      lda	Random
   1092  f564		       4a		      lsr
   1093  f565		       90 02		      bcc	.GetRandomColor.noXor
   1094  f567		       49 b8		      eor	#$B8
   1095  f569				   .GetRandomColor.noXor
   1096  f569		       d0 02		      bne	.GetRandomColor.done	; If not 0, done
   1097  f56b		       a9 01		      lda	#$01
   1098  f56d				   .GetRandomColor.done
   1099  f56d		       85 87		      sta	Random
   1100  f56f				   .GetRandomColor.convert
   1101  f56f		       29 07		      and	#$07
   1102  f571		       c9 07		      cmp	#$07
   1103  f573		       b0 ed		      bcs	GetRandomColor
   1104  f575				   .GetRandomColor.convert.done
   1105  f575		       38		      sec
   1106  f576		       e9 01		      sbc	#$01
   1107  f578		       85 84		      sta	NextColor
   1108  f57a		       60		      rts
   1109  f57b
   1110  f57b							;;;;;;;;;;;;;;;;;;;;;;;
   1111  f57b							; GetRandomQueue
   1112  f57b							; Generates a pseudo-random value using a Linear Feedback Shift Register
   1113  f57b							; Returns: A = random value, NextColumn = random value - 1 (for 0-10 range)
   1114  f57b							; Modifies: Random variable	
   1115  f57b				   GetRandomQueue
   1116  f57b		       a5 87		      lda	Random
   1117  f57d		       4a		      lsr
   1118  f57e		       90 02		      bcc	.GetRandomQueue.noXor
   1119  f580		       49 b8		      eor	#$B8
   1120  f582				   .GetRandomQueue.noXor
   1121  f582		       d0 02		      bne	.GetRandomQueue.done	; If not 0, done
   1122  f584		       a9 01		      lda	#$01
   1123  f586				   .GetRandomQueue.done
   1124  f586		       85 87		      sta	Random
   1125  f588				   .GetRandomQueue.convert
   1126  f588		       29 0f		      and	#$0F
   1127  f58a		       c9 0a		      cmp	#$0A
   1128  f58c		       b0 ed		      bcs	GetRandomQueue
   1129  f58e				   .GetRandomQueue.convert.done
   1130  f58e		       85 85		      sta	NextColumn
   1131  f590		       60		      rts
   1132  f591							;;;;;;;;;;;;;;;;;;;;;;;
   1133  f591							; runTitleScreen
   1134  f591							; 
   1135  f591				   runTitleScreen
      0  f591					      START_FRAME
      1  f591		       4e 82 02 	      lsr	SWCHB
      2  f594
      0  f594					      VERTICAL_SYNC
      1  f594		       a9 0e		      lda	#%1110
      2  f596		       85 02	   .VSLP1     sta	WSYNC
      3  f598		       85 00		      sta	VSYNC
      4  f59a		       4a		      lsr
      5  f59b		       d0 f9		      bne	.VSLP1
      0  f59d					      TIMER_SETUP	37
      1  f59d				   .lines     SET	37
      2  f59d				   .cycles    SET	((.lines * 76) - 13)
      3  f59d
      4  f59d
      5  f59d				  -	      if	(.cycles % 64) < 12
      6  f59d				  -	      lda	#(.cycles / 64) - 1
      7  f59d				  -	      sta	WSYNC
      8  f59d					      else
      9  f59d		       a9 2b		      lda	#(.cycles / 64)
     10  f59f		       85 02		      sta	WSYNC
     11  f5a1					      endif
     12  f5a1		       8d 96 02 	      sta	TIM64T
   1138  f5a4		       85 02		      sta	WSYNC
      0  f5a6					      LOAD_POINTER_WITH_DATA	TempPtr,Title_Screen_PF0_RIGHT
      1  f5a6				   .POINTER   SET	TempPtr
      2  f5a6				   .DATA_BLOB SET	Title_Screen_PF0_RIGHT
      3  f5a6		       a9 c3		      lda	#<.DATA_BLOB
      4  f5a8		       85 81		      sta	.POINTER
      5  f5aa		       a9 f6		      lda	#>.DATA_BLOB
      6  f5ac		       85 82		      sta	.POINTER+1
      0  f5ae					      LOAD_POINTER_WITH_DATA	TempPtr,Title_Screen_PF0_LEFT
      1  f5ae				   .POINTER   SET	TempPtr
      2  f5ae				   .DATA_BLOB SET	Title_Screen_PF0_LEFT
      3  f5ae		       a9 bd		      lda	#<.DATA_BLOB
      4  f5b0		       85 81		      sta	.POINTER
      5  f5b2		       a9 f6		      lda	#>.DATA_BLOB
      6  f5b4		       85 82		      sta	.POINTER+1
      0  f5b6					      TIMER_WAIT
      1  f5b6				   .waittimer
      2  f5b6		       ad 84 02 	      lda	INTIM
      3  f5b9		       d0 fb		      bne	.waittimer
      4  f5bb		       85 02		      sta	WSYNC
      0  f5bd					      TIMER_SETUP	192
      1  f5bd				   .lines     SET	192
      2  f5bd				   .cycles    SET	((.lines * 76) - 13)
      3  f5bd
      4  f5bd
      5  f5bd				  -	      if	(.cycles % 64) < 12
      6  f5bd				  -	      lda	#(.cycles / 64) - 1
      7  f5bd				  -	      sta	WSYNC
      8  f5bd					      else
      9  f5bd		       a9 e3		      lda	#(.cycles / 64)
     10  f5bf		       85 02		      sta	WSYNC
     11  f5c1					      endif
     12  f5c1		       8d 96 02 	      sta	TIM64T
   1143  f5c4							;;;;;;
   1144  f5c4		       a0 3c		      ldy	#60
   1145  f5c6				   Kernal_Title.TopGap
      0  f5c6					      WYSNC_REPEATER	1
      1  f5c6				   .LINES_TO_WAIT SET	1
      2  f5c6					      REPEAT	.LINES_TO_WAIT
      3  f5c6		       85 02		      sta	WSYNC
      4  f5c8					      REPEND
   1147  f5c8		       88		      dey
   1148  f5c9		       d0 fb		      bne	Kernal_Title.TopGap
   1149  f5cb							;;;;;;
      0  f5cb					      WYSNC_REPEATER	1
      1  f5cb				   .LINES_TO_WAIT SET	1
      2  f5cb					      REPEAT	.LINES_TO_WAIT
      3  f5cb		       85 02		      sta	WSYNC
      4  f5cd					      REPEND
   1151  f5cd		       a9 00		      lda	#$00
   1152  f5cf		       85 80		      sta	TempByte
   1153  f5d1		       a0 05		      ldy	#5
   1154  f5d3				   Kernal_Title.Letters
      0  f5d3					      FLIP_BOOL	TempByte
      1  f5d3				   .MEMADDR   SET	TempByte
      2  f5d3		       a5 80		      lda	.MEMADDR
      3  f5d5		       49 01		      EOR	#$01
      4  f5d7		       85 80		      sta	.MEMADDR
   1156  f5d9		       d0 07		      bne	Kernal_Title.ColorB
   1157  f5db				   Kernal_Title.ColorA
   1158  f5db		       a9 46		      lda	#CONS_COLOR_RED
   1159  f5dd		       85 08		      sta	COLUPF
   1160  f5df		       4c e4 f5 	      jmp	Kernal_Title.LoadPF
   1161  f5e2				   Kernal_Title.ColorB
   1162  f5e2		       a9 a6		      lda	#CONS_COLOR_BLUE
   1163  f5e4				   Kernal_Title.LoadPF
   1164  f5e4		       85 08		      sta	COLUPF
   1165  f5e6		       a2 0a		      ldx	#10
   1166  f5e8				   Kernal_Title.WritePF
      0  f5e8					      WYSNC_REPEATER	1
      1  f5e8				   .LINES_TO_WAIT SET	1
      2  f5e8					      REPEAT	.LINES_TO_WAIT
      3  f5e8		       85 02		      sta	WSYNC
      4  f5ea					      REPEND
   1168  f5ea		       b1 81		      lda	(TempPtr),y
   1169  f5ec		       85 0e		      sta	PF1
   1170  f5ee		       ca		      dex
   1171  f5ef		       d0 f7		      bne	Kernal_Title.WritePF
   1172  f5f1		       88		      dey
   1173  f5f2		       10 df		      bpl	Kernal_Title.Letters
   1174  f5f4							;;;;;;
   1175  f5f4				   Kernal_Title.Bottom
   1176  f5f4		       a9 00		      lda	#CONS_COLOR_BLACK
   1177  f5f6		       85 08		      sta	COLUPF
   1178  f5f8		       85 09		      sta	COLUBK
   1179  f5fa		       a9 00		      lda	#%00000000
   1180  f5fc		       85 0d		      sta	PF0
   1181  f5fe		       85 0e		      sta	PF1
   1182  f600		       85 0f		      sta	PF2
   1183  f602		       85 02		      sta	WSYNC
      0  f604					      TIMER_WAIT
      1  f604				   .waittimer
      2  f604		       ad 84 02 	      lda	INTIM
      3  f607		       d0 fb		      bne	.waittimer
      4  f609		       85 02		      sta	WSYNC
   1185  f60b				   Kernal_Title.Overscan
      0  f60b					      TIMER_SETUP	29
      1  f60b				   .lines     SET	29
      2  f60b				   .cycles    SET	((.lines * 76) - 13)
      3  f60b
      4  f60b
      5  f60b				  -	      if	(.cycles % 64) < 12
      6  f60b				  -	      lda	#(.cycles / 64) - 1
      7  f60b				  -	      sta	WSYNC
      8  f60b					      else
      9  f60b		       a9 22		      lda	#(.cycles / 64)
     10  f60d		       85 02		      sta	WSYNC
     11  f60f					      endif
     12  f60f		       8d 96 02 	      sta	TIM64T
   1187  f612		       85 02		      sta	WSYNC
      0  f614					      TIMER_WAIT
      1  f614				   .waittimer
      2  f614		       ad 84 02 	      lda	INTIM
      3  f617		       d0 fb		      bne	.waittimer
      4  f619		       85 02		      sta	WSYNC
   1189  f61b		       60		      rts
   1190  f61c							; runTitleScreen
   1191  f61c							; 
   1192  f61c				   SetupPointersBasedOnGameState
   1193  f61c		       a5 90		      lda	GameState
   1194  f61e		       c9 03		      cmp	#CONS_GAMESTATE_INITIALIZE
   1195  f620		       f0 03		      beq	PointerSetup.Play
   1196  f622		       c9 02		      cmp	#CONS_GAMESTATE_PLAY
   1197  f624		       f0 02		      beq	PointerSetup.Play
   1198  f626		       c9 01		      cmp	#CONS_GAMESTATE_GAMEOVER
   1199  f628		       f0 01		      beq	PointerSetup.GameOver
   1200  f62a				   .PointerSetup.Title
      0  f62a					      LOAD_POINTER_WITH_DATA	Player0Pos_Ptr,PlayerPositions_Columns
      1  f62a				   .POINTER   SET	Player0Pos_Ptr
      2  f62a				   .DATA_BLOB SET	PlayerPositions_Columns
      3  f62a		       a9 74		      lda	#<.DATA_BLOB
      4  f62c		       85 89		      sta	.POINTER
      5  f62e		       a9 f6		      lda	#>.DATA_BLOB
      6  f630		       85 8a		      sta	.POINTER+1
      0  f632					      LOAD_POINTER_WITH_DATA	BlockQueue_Addr_Ptr,PlayerColMemAddresses
      1  f632				   .POINTER   SET	BlockQueue_Addr_Ptr
      2  f632				   .DATA_BLOB SET	PlayerColMemAddresses
      3  f632		       a9 6a		      lda	#<.DATA_BLOB
      4  f634		       85 95		      sta	.POINTER
      5  f636		       a9 f6		      lda	#>.DATA_BLOB
      6  f638		       85 96		      sta	.POINTER+1
   1203  f63a		       4c 00 00 	      jmp	PointerSetup.Return
   1204  f63d				   .PointerSetup.Play
      0  f63d					      LOAD_POINTER_WITH_DATA	Player0Pos_Ptr,PlayerPositions_Columns
      1  f63d				   .POINTER   SET	Player0Pos_Ptr
      2  f63d				   .DATA_BLOB SET	PlayerPositions_Columns
      3  f63d		       a9 74		      lda	#<.DATA_BLOB
      4  f63f		       85 89		      sta	.POINTER
      5  f641		       a9 f6		      lda	#>.DATA_BLOB
      6  f643		       85 8a		      sta	.POINTER+1
      0  f645					      LOAD_POINTER_WITH_DATA	BlockQueue_Addr_Ptr,PlayerColMemAddresses
      1  f645				   .POINTER   SET	BlockQueue_Addr_Ptr
      2  f645				   .DATA_BLOB SET	PlayerColMemAddresses
      3  f645		       a9 6a		      lda	#<.DATA_BLOB
      4  f647		       85 95		      sta	.POINTER
      5  f649		       a9 f6		      lda	#>.DATA_BLOB
      6  f64b		       85 96		      sta	.POINTER+1
   1207  f64d		       4c 00 00 	      jmp	PointerSetup.Return
   1208  f650				   .PointerSetup.GameOver
      0  f650					      LOAD_POINTER_WITH_DATA	Player0Pos_Ptr,PlayerPositions_Columns
      1  f650				   .POINTER   SET	Player0Pos_Ptr
      2  f650				   .DATA_BLOB SET	PlayerPositions_Columns
      3  f650		       a9 74		      lda	#<.DATA_BLOB
      4  f652		       85 89		      sta	.POINTER
      5  f654		       a9 f6		      lda	#>.DATA_BLOB
      6  f656		       85 8a		      sta	.POINTER+1
      0  f658					      LOAD_POINTER_WITH_DATA	BlockQueue_Addr_Ptr,PlayerColMemAddresses
      1  f658				   .POINTER   SET	BlockQueue_Addr_Ptr
      2  f658				   .DATA_BLOB SET	PlayerColMemAddresses
      3  f658		       a9 6a		      lda	#<.DATA_BLOB
      4  f65a		       85 95		      sta	.POINTER
      5  f65c		       a9 f6		      lda	#>.DATA_BLOB
      6  f65e		       85 96		      sta	.POINTER+1
   1211  f660				   .PointerSetup.Return
   1212  f660		       60		      rts
   1213  f661							;;;;;;;;;;;;;;;;;;;;;;;;;;;;;;;;;;;;;;;;;;;;;;;;;;;;;;;;;;;;;;;
   1214  f661							;;;;;;;;;;;;;;;;;;;;;;;;;;;;;;;;;;;;;;;;;;;;;;;;;;;;;;;;;;;;;;;
   1215  f661							;;;;;;;;;;;;;;;;;;;;;;;;;;;;;;;;;;;;;;;;;;;;;;;;;;;;;;;;;;;;;;;
   1216  f661							; Data
   1217  f661							;;;;;;;;;;;;;;;;;;;;;;;
   1218  f661				   Colors
   1219  f661		       46		      .byte.b	#CONS_COLOR_RED
   1220  f662		       38		      .byte.b	#CONS_COLOR_ORANGE
   1221  f663		       1e		      .byte.b	#CONS_COLOR_YELLOW
   1222  f664		       c6		      .byte.b	#CONS_COLOR_GREEN
   1223  f665		       a6		      .byte.b	#CONS_COLOR_BLUE
   1224  f666		       64		      .byte.b	#CONS_COLOR_PURPLE
   1225  f667				   PlayerZone_Colors
   1226  f667		       0e		      .byte.b	#CONS_PLAYERZONE_ACTION
   1227  f668		       04		      .byte.b	#CONS_PLAYERZONE_NOACT
   1228  f669		       0e		      .byte.b	#CONS_PLAYERZONE_ACTION
   1229  f66a				   PlayerColMemAddresses
   1230  f66a		       a0		      .byte.b	BlockQueue_Top_0
   1231  f66b		       b0		      .byte.b	BlockQueue_Top_1
   1232  f66c		       c0		      .byte.b	BlockQueue_Top_2
   1233  f66d		       d0		      .byte.b	BlockQueue_Top_3
   1234  f66e		       e0		      .byte.b	BlockQueue_Top_4
   1235  f66f		       a8		      .byte.b	BlockQueue_Bot_0
   1236  f670		       b8		      .byte.b	BlockQueue_Bot_1
   1237  f671		       c8		      .byte.b	BlockQueue_Bot_2
   1238  f672		       d8		      .byte.b	BlockQueue_Bot_3
   1239  f673		       e8		      .byte.b	BlockQueue_Bot_4
   1240  f674							;;;;;;;;;;;;;;;;;;;;;;;
   1241  f674				   PlayerPositions_Columns
   1242  f674		       2d		      .byte.b	#$2D
   1243  f675		       41		      .byte.b	#$41
   1244  f676		       55		      .byte.b	#$55
   1245  f677		       69		      .byte.b	#$69
   1246  f678		       7d		      .byte.b	#$7D
   1247  f679		       7d		      .byte.b	#$7D
   1248  f67a							;;;;;;;;;;;;;;;;;;;;;;;
   1249  f67a				   Minus_Sign
   1250  f67a		       00		      .byte.b	#%00000000
   1251  f67b		       00		      .byte.b	#%00000000
   1252  f67c		       00		      .byte.b	#%00000000
   1253  f67d		       00		      .byte.b	#%00000000
   1254  f67e		       ff		      .byte.b	#%11111111
   1255  f67f		       00		      .byte.b	#%00000000
   1256  f680		       00		      .byte.b	#%00000000
   1257  f681							;;;;;;;;;;;;;;;;;;;;;;; 
   1258  f681				   Score_Numbers
   1259  f681							; ---- 00
   1260  f681		       ff		      .byte.b	#%11111111
   1261  f682		       e3		      .byte.b	#%11100011
   1262  f683		       e3		      .byte.b	#%11100011
   1263  f684		       e3		      .byte.b	#%11100011
   1264  f685		       e3		      .byte.b	#%11100011
   1265  f686		       ff		      .byte.b	#%11111111
   1266  f687							; ---- 11
   1267  f687		       ff		      .byte.b	#%11111111
   1268  f688		       1c		      .byte.b	#%00011100
   1269  f689		       1c		      .byte.b	#%00011100
   1270  f68a		       1c		      .byte.b	#%00011100
   1271  f68b		       dc		      .byte.b	#%11011100
   1272  f68c		       7c		      .byte.b	#%01111100
   1273  f68d							; ---- 22
   1274  f68d		       fe		      .byte.b	#%11111110
   1275  f68e		       e0		      .byte.b	#%11100000
   1276  f68f		       38		      .byte.b	#%00111000
   1277  f690		       0e		      .byte.b	#%00001110
   1278  f691		       e6		      .byte.b	#%11100110
   1279  f692		       7c		      .byte.b	#%01111100
   1280  f693							; ---- 33
   1281  f693		       7c		      .byte.b	#%01111100
   1282  f694		       e3		      .byte.b	#%11100011
   1283  f695		       0e		      .byte.b	#%00001110
   1284  f696		       0e		      .byte.b	#%00001110
   1285  f697		       e3		      .byte.b	#%11100011
   1286  f698		       7c		      .byte.b	#%01111100
   1287  f699							; ---- 44
   1288  f699		       0e		      .byte.b	#%00001110
   1289  f69a		       0e		      .byte.b	#%00001110
   1290  f69b		       0e		      .byte.b	#%00001110
   1291  f69c		       ff		      .byte.b	#%11111111
   1292  f69d		       ce		      .byte.b	#%11001110
   1293  f69e		       ce		      .byte.b	#%11001110
   1294  f69f							; ---- 55
   1295  f69f		       ff		      .byte.b	#%11111111
   1296  f6a0		       03		      .byte.b	#%00000011
   1297  f6a1		       1f		      .byte.b	#%00011111
   1298  f6a2		       e0		      .byte.b	#%11100000
   1299  f6a3		       e0		      .byte.b	#%11100000
   1300  f6a4		       ff		      .byte.b	#%11111111
   1301  f6a5							; ---- 66
   1302  f6a5		       ff		      .byte.b	#%11111111
   1303  f6a6		       e3		      .byte.b	#%11100011
   1304  f6a7		       ff		      .byte.b	#%11111111
   1305  f6a8		       e0		      .byte.b	#%11100000
   1306  f6a9		       e0		      .byte.b	#%11100000
   1307  f6aa		       ff		      .byte.b	#%11111111
   1308  f6ab							; ---- 77
   1309  f6ab		       18		      .byte.b	#%00011000
   1310  f6ac		       18		      .byte.b	#%00011000
   1311  f6ad		       18		      .byte.b	#%00011000
   1312  f6ae		       07		      .byte.b	#%00000111
   1313  f6af		       07		      .byte.b	#%00000111
   1314  f6b0		       ff		      .byte.b	#%11111111
   1315  f6b1							; ---- 88
   1316  f6b1		       ff		      .byte.b	#%11111111
   1317  f6b2		       c3		      .byte.b	#%11000011
   1318  f6b3		       e7		      .byte.b	#%11100111
   1319  f6b4		       ff		      .byte.b	#%11111111
   1320  f6b5		       c3		      .byte.b	#%11000011
   1321  f6b6		       ff		      .byte.b	#%11111111
   1322  f6b7							; ---- 99
   1323  f6b7		       07		      .byte.b	#%00000111
   1324  f6b8		       07		      .byte.b	#%00000111
   1325  f6b9		       ff		      .byte.b	#%11111111
   1326  f6ba		       c7		      .byte.b	#%11000111
   1327  f6bb		       c7		      .byte.b	#%11000111
   1328  f6bc		       ff		      .byte.b	#%11111111
   1329  f6bd							;;;;;;;;;;;;;;;;;;;;;;; 
   1330  f6bd				   Title_Screen_PF0_LEFT
   1331  f6bd		       07		      .byte.b	#%00000111
   1332  f6be		       07		      .byte.b	#%00000111
   1333  f6bf		       07		      .byte.b	#%00000111
   1334  f6c0		       ff		      .byte.b	#%11111111
   1335  f6c1		       c7		      .byte.b	#%11000111
   1336  f6c2		       ff		      .byte.b	#%11111111
   1337  f6c3				   Title_Screen_PF0_RIGHT
   1338  f6c3		       ff		      .byte.b	#%11111111
   1339  f6c4		       c1		      .byte.b	#%11000001
   1340  f6c5		       30		      .byte.b	#%00110000
   1341  f6c6		       0c		      .byte.b	#%00001100
   1342  f6c7		       83		      .byte.b	#%10000011
   1343  f6c8		       ff		      .byte.b	#%11111111
   1344  f6c9							;;;;;;;;;;;;;;;;;;;;;;;;;;;;;;;;;;;;;;;;;;;;;;;;;;;;;;;;;;;;;;;
   1345  f6c9							;;;;;;;;;;;;;;;;;;;;;;;;;;;;;;;;;;;;;;;;;;;;;;;;;;;;;;;;;;;;;;;
   1346  f6c9							;;;;;;;;;;;;;;;;;;;;;;;;;;;;;;;;;;;;;;;;;;;;;;;;;;;;;;;;;;;;;;;
   1347  f6c9							; Epilogue
   1348  f6c9
   1349  fffc					      org	$fffc
   1350  fffc		       00 f0		      .word.w	Start	; reset vector
   1351  fffe		       00 f0		      .word.w	Start	; BRK vector
